,SampleNumber,TimeStamp,EMG1,EMG2,EMG3,EMG4,EMG5,EMG6,EMG7,EMG8
691,691,1503683080239,4,17,10,4,-3,-1,-3,-5
692,692,1503683080246,-1,-20,-7,-4,-1,-2,-2,9
693,693,1503683080263,-10,-6,-3,0,-3,0,-1,-10
694,694,1503683080268,5,16,5,-1,-2,-2,-2,-3
695,695,1503683080276,3,-12,-1,-2,-2,-1,0,-1
696,696,1503683080290,-8,-9,-6,-2,0,0,1,8
697,697,1503683080299,-10,2,-4,-1,-1,0,0,5
698,698,1503683080306,32,16,1,1,1,-4,-4,-3
699,699,1503683080329,14,-3,-2,-1,-1,-2,-2,-4
700,700,1503683080332,-25,-9,0,-1,0,0,1,1
701,701,1503683080338,6,5,6,3,-1,-2,-1,-2
702,702,1503683080350,2,-1,0,-1,0,0,1,-3
703,703,1503683080358,0,0,1,-3,-2,0,0,0
704,704,1503683080366,-5,-2,0,1,0,-1,-2,-12
705,705,1503683080381,22,-1,-6,-5,-5,-4,-2,8
706,706,1503683080388,-3,0,1,-2,-2,-2,-10,-4
707,707,1503683080397,-1,-7,-3,0,1,1,1,2
708,708,1503683080410,7,-1,-1,-1,-1,-1,2,6
709,709,1503683080419,-1,0,0,-1,-1,-1,-3,0
710,710,1503683080426,9,0,-2,0,0,0,3,7
711,711,1503683080441,-7,-11,-7,-2,-2,-3,-1,-12
712,712,1503683080448,-7,2,-2,0,-1,1,4,1
713,713,1503683080456,-1,-2,-3,-10,-19,-3,-4,-3
714,714,1503683080470,-9,0,5,20,16,3,1,3
715,715,1503683080479,2,-3,-4,5,10,2,4,-4
716,716,1503683080486,-11,0,-1,-9,-11,-4,-13,-8
717,717,1503683080501,-21,-2,-1,-4,-8,2,6,5
718,718,1503683080508,36,9,2,-2,-2,-2,-5,-2
719,719,1503683080516,-14,30,6,-2,2,-2,-4,-4
720,720,1503683080530,-48,3,5,-5,-6,-4,1,-7
721,721,1503683080539,4,-10,-4,9,20,-2,0,-1
722,722,1503683080546,17,-10,-7,-3,-10,0,4,4
723,723,1503683080561,-16,-4,-3,-2,-2,0,0,0
724,724,1503683080569,2,-5,-5,-21,-9,0,0,0
725,725,1503683080576,8,-2,0,12,9,-1,-4,1
726,726,1503683080590,-23,-15,-5,-9,-9,-1,1,-6
727,727,1503683080600,89,34,4,-7,-10,-4,-4,8
728,728,1503683080606,-23,-5,-5,3,8,-1,-1,-3
729,729,1503683080621,-13,-4,4,0,0,0,-1,-3
730,730,1503683080628,0,-3,1,5,14,-1,-1,-2
731,731,1503683080638,-13,-8,-4,-4,-3,2,-1,-3
732,732,1503683080650,6,3,3,0,-7,1,1,2
733,733,1503683080658,-5,-1,-3,-14,-11,2,1,-1
734,734,1503683080667,-5,-13,-3,0,15,-1,-1,1
735,735,1503683080681,-22,-8,-2,-2,-9,1,2,-1
736,736,1503683080695,6,8,-4,0,-12,-2,-3,-2
737,737,1503683080698,-7,6,1,0,-3,-1,-1,3
738,738,1503683080699,-5,-16,1,2,5,-2,-3,0
739,739,1503683080710,5,17,2,7,6,-3,0,-1
740,740,1503683080718,-3,-5,-1,6,2,-1,4,1
741,741,1503683080726,11,-4,-1,-1,-9,1,1,4
742,742,1503683080741,-6,-3,-1,-3,-1,-6,-4,9
743,743,1503683080748,20,1,-4,-2,1,6,1,5
744,744,1503683080757,-14,-7,-1,1,2,1,-1,-3
745,745,1503683080771,-24,-12,-4,-1,-1,-3,-4,-9
746,746,1503683080778,4,-3,-4,-3,-4,-1,0,-3
747,747,1503683080786,12,4,3,-1,1,0,4,1
748,748,1503683080801,-13,3,-2,-2,-1,1,-3,-7
749,749,1503683080808,-15,-2,-2,2,1,0,1,4
750,750,1503683080816,-15,-6,-3,2,0,-3,-2,-4
751,751,1503683080830,-1,0,-4,-7,-14,-1,-2,-2
752,752,1503683080838,11,4,0,1,-4,1,1,-2
753,753,1503683080846,-4,-5,1,4,6,0,1,23
754,754,1503683080861,11,-1,0,-4,-2,0,1,1
755,755,1503683080868,-4,-1,4,-4,-4,-3,-1,-9
756,756,1503683080877,8,0,-2,-1,-1,-2,1,4
757,757,1503683080890,-1,-1,-1,2,2,-3,-6,-12
758,758,1503683080900,-1,-7,-6,-1,1,2,1,-2
1437,1437,1503683087565,-1,-1,0,0,1,2,2,-5
1438,1438,1503683087573,18,-7,-2,-1,-15,-3,-3,1
1439,1439,1503683087589,7,-3,-6,-10,1,-1,1,-2
1440,1440,1503683087590,-23,-3,-1,20,-5,-2,-2,0
1441,1441,1503683087595,2,2,-1,19,8,-2,-2,-1
1442,1442,1503683087603,60,5,2,-5,-7,1,1,5
1443,1443,1503683087625,-44,-5,-3,-4,-11,1,2,-8
1444,1444,1503683087627,13,1,-2,-4,8,0,-2,1
1445,1445,1503683087640,12,2,4,-4,1,2,2,7
1446,1446,1503683087648,-33,2,-2,-9,-7,-3,-4,-1
1447,1447,1503683087657,-20,-3,-1,2,2,-2,-5,-9
1448,1448,1503683087670,8,-1,-4,6,-4,-2,-2,2
1449,1449,1503683087671,-2,-1,-2,-6,-5,-2,3,12
1450,1450,1503683087677,15,0,1,-1,6,0,4,6
1451,1451,1503683087686,-11,6,2,-4,-3,0,2,3
1452,1452,1503683087700,4,-3,-2,1,8,2,-7,1
1453,1453,1503683087708,7,-5,-4,-7,-6,-2,-2,-15
1454,1454,1503683087717,-5,-2,-1,0,4,-2,-4,-1
1455,1455,1503683087731,13,-1,-1,0,-2,1,0,-9
1456,1456,1503683087738,-16,-2,2,5,7,1,1,4
1457,1457,1503683087748,8,-1,0,-12,-14,0,3,0
1458,1458,1503683087760,-18,-4,-3,6,22,-2,-2,-4
1459,1459,1503683087768,15,1,-3,3,3,-2,-2,-25
1460,1460,1503683087775,45,13,-2,-16,-20,-1,-7,-3
1461,1461,1503683087790,5,-7,-2,3,14,0,-1,8
1462,1462,1503683087797,-6,-11,-8,-4,-2,-2,5,15
1463,1463,1503683087805,-10,9,-1,-15,-17,-1,-5,-13
1464,1464,1503683087820,7,-1,0,5,-17,-2,2,-2
1465,1465,1503683087828,-33,-13,-2,6,37,0,-1,-1
1466,1466,1503683087835,-14,-8,-4,-7,-3,-1,1,1
1467,1467,1503683087851,3,3,4,-5,-3,0,-3,6
1468,1468,1503683087857,-19,-5,5,3,2,3,2,-8
1469,1469,1503683087865,-55,-6,5,0,-20,-2,-2,-2
1470,1470,1503683087880,41,1,1,3,1,-2,1,3
1471,1471,1503683087888,28,5,-5,-3,-11,-3,-4,4
1472,1472,1503683087903,-10,3,-1,-11,-3,-1,2,14
1473,1473,1503683087910,-14,-10,-3,36,40,-1,1,19
1474,1474,1503683087919,8,2,-1,3,4,0,-1,0
1475,1475,1503683087925,11,4,-1,-13,-16,-2,2,-5
1476,1476,1503683087941,-34,3,4,5,2,3,-4,-40
1477,1477,1503683087949,26,5,12,-2,-7,-2,-8,-5
1478,1478,1503683087964,2,1,3,-4,-7,-2,1,8
1479,1479,1503683087970,28,7,-4,0,-1,2,7,40
1480,1480,1503683087979,-19,-3,-2,-4,-6,0,1,-4
1481,1481,1503683087986,-9,-4,-3,-2,-8,0,2,-9
1482,1482,1503683088001,5,-2,0,19,14,0,7,5
1483,1483,1503683088008,-4,2,-4,-12,-24,-1,4,13
1484,1484,1503683088026,0,-2,-2,1,17,1,-11,-11
1485,1485,1503683088030,-3,-1,-4,-1,1,1,-5,-21
1486,1486,1503683088038,54,20,-1,-6,-11,-4,1,33
1487,1487,1503683088045,-5,-8,-5,-5,-4,-2,-1,-9
1488,1488,1503683088061,-15,-3,2,-4,-3,-1,1,7
1489,1489,1503683088068,-4,2,3,5,10,3,2,-24
1490,1490,1503683088084,3,-3,0,-3,-8,-3,-4,-8
1491,1491,1503683088091,6,21,14,5,1,-2,-2,3
1492,1492,1503683088098,5,-5,-5,-3,-2,0,2,-4
1493,1493,1503683088105,-13,-7,-3,-4,-10,-1,-1,-11
1494,1494,1503683088121,20,7,5,17,14,-4,-1,-3
1495,1495,1503683088128,-19,-8,-7,-3,-2,-2,0,1
1496,1496,1503683088144,7,-4,-1,-6,-3,0,2,10
1497,1497,1503683088151,-19,-13,-4,-6,-2,-1,-2,-13
1498,1498,1503683088160,-7,-2,-4,-2,-1,-4,-6,-11
1499,1499,1503683088165,12,2,-3,-1,2,-1,2,9
1500,1500,1503683088181,-27,-3,0,-4,-4,1,-8,14
1501,1501,1503683088188,11,1,-2,-9,-31,0,-1,11
1502,1502,1503683088203,12,-11,-7,3,-1,4,2,8
1503,1503,1503683088210,-10,-4,-3,-8,-12,-2,1,6
1504,1504,1503683088219,-29,-11,-4,-10,-9,-3,-1,-8
1505,1505,1503683088226,0,4,4,5,8,-1,1,9
1506,1506,1503683088241,43,4,4,6,9,0,-3,-4
1507,1507,1503683088248,-10,2,-8,0,8,-1,-1,2
1508,1508,1503683088263,-20,0,2,-10,-15,-1,-1,-16
1509,1509,1503683088270,13,-7,-3,5,7,3,4,2
1510,1510,1503683088279,3,1,-5,-7,-12,-5,-1,-3
1511,1511,1503683088286,50,-13,-6,1,10,-1,-1,9
1512,1512,1503683088301,9,-16,-6,-3,-5,2,8,1
1513,1513,1503683088308,-15,14,2,0,0,-1,5,1
1514,1514,1503683088323,-25,-13,-8,-4,-7,-2,3,-23
2721,2721,1503683100172,-6,-3,-1,-3,-3,-2,0,2
2722,2722,1503683100180,-12,-4,3,1,0,-1,-3,-1
2723,2723,1503683100188,4,8,2,-1,0,1,2,1
2724,2724,1503683100202,16,1,-1,0,-1,1,2,3
2725,2725,1503683100210,-15,-17,-14,0,4,0,-1,-4
2726,2726,1503683100217,-7,-4,-4,-2,0,-1,-3,-3
2727,2727,1503683100232,17,2,1,0,-3,-3,-2,3
2728,2728,1503683100240,19,7,5,-6,-20,-2,-2,0
2729,2729,1503683100248,-10,1,-1,1,-5,-1,-1,2
2730,2730,1503683100262,-20,-6,1,9,8,1,-3,-2
2731,2731,1503683100270,-4,-4,8,29,35,1,8,-1
2732,2732,1503683100278,4,5,-5,-4,-7,-3,-4,-8
2733,2733,1503683100292,-4,-8,3,-18,-15,-4,-2,-1
2734,2734,1503683100302,-1,20,12,3,2,1,2,4
2735,2735,1503683100308,-13,-4,8,-11,-15,-2,-5,-2
2736,2736,1503683100322,-1,-4,-9,-28,-32,-2,1,-2
2737,2737,1503683100330,-13,-11,2,35,12,0,-3,-1
2738,2738,1503683100344,-18,-5,0,9,11,1,2,6
2739,2739,1503683100353,33,14,-3,-8,-13,-4,-6,-2
2740,2740,1503683100360,14,-2,-6,-22,3,-4,-3,0
2741,2741,1503683100374,15,6,4,18,-10,0,3,-1
2742,2742,1503683100382,14,-6,0,2,6,1,-1,-2
2743,2743,1503683100390,-9,-2,-5,-18,14,12,-3,-3
2744,2744,1503683100397,-12,-9,-2,2,14,2,2,0
2745,2745,1503683100412,8,11,-2,-10,-18,-6,1,-1
2746,2746,1503683100420,-7,-7,-2,9,4,0,-3,-3
2747,2747,1503683100429,-19,-2,-2,-15,-11,-2,2,1
2748,2748,1503683100446,6,-8,0,23,14,-3,-3,-13
2749,2749,1503683100450,6,6,-4,-9,-8,-5,-2,-4
2750,2750,1503683100458,-1,-3,0,-2,-2,2,8,3
2751,2751,1503683100473,36,-1,-1,-1,3,8,-1,4
2752,2752,1503683100480,-79,-4,1,3,-7,6,-6,-9
2753,2753,1503683100488,-23,-4,2,2,7,-5,2,-5
2754,2754,1503683100507,-10,-11,-1,-5,-6,1,2,-1
2755,2755,1503683100510,-3,7,-1,2,6,-1,2,4
2756,2756,1503683100517,18,5,1,0,0,-3,-2,7
2757,2757,1503683100532,-29,-15,-9,-10,-3,-2,-7,-6
2758,2758,1503683100540,48,5,0,3,1,-2,0,8
2759,2759,1503683100548,38,28,8,-1,-1,-1,0,9
2760,2760,1503683100562,41,9,-4,-4,-5,-5,-2,0
2761,2761,1503683100571,-1,-18,-3,4,4,-3,0,1
2762,2762,1503683100578,11,4,2,0,0,-3,-9,-4
2763,2763,1503683100592,-11,1,-2,-10,-10,-3,-3,-6
2764,2764,1503683100600,-33,-8,-3,-10,-9,4,3,1
2765,2765,1503683100609,-22,-9,3,10,13,-2,3,-4
2766,2766,1503683100622,-22,0,-2,-3,-11,-5,1,-4
2767,2767,1503683100630,42,-8,-8,-6,-2,2,-2,-1
2768,2768,1503683100638,8,8,1,0,3,-3,-1,-4
2769,2769,1503683100652,-6,-8,-6,-2,-1,0,0,-2
2770,2770,1503683100660,15,4,-2,0,3,-4,-3,0
2771,2771,1503683100675,-48,-7,-4,-7,-1,-2,-2,-4
2772,2772,1503683100682,-33,-12,1,10,13,1,6,-2
2773,2773,1503683100690,2,2,0,9,20,-1,-8,-3
2774,2774,1503683100706,6,0,-1,5,15,7,-4,2
2775,2775,1503683100713,-6,2,2,-2,16,2,8,6
2776,2776,1503683100720,10,-2,-3,0,-3,1,0,7
2777,2777,1503683100735,38,27,14,-5,-16,-2,6,6
2778,2778,1503683100742,3,7,5,-4,2,-6,-4,0
2779,2779,1503683100750,-3,-6,-5,-1,-7,1,5,3
2780,2780,1503683100764,18,11,0,-5,-8,-1,-1,2
2781,2781,1503683100773,3,-14,-4,1,-5,-1,-1,-4
2782,2782,1503683100781,-76,-10,-11,-6,-4,-4,-4,-13
2783,2783,1503683100795,5,5,-1,1,-2,-3,-14,-16
2784,2784,1503683100802,15,-1,-3,-6,-8,-3,1,2
2785,2785,1503683100810,-12,-10,-5,1,5,5,2,1
2786,2786,1503683100824,34,3,4,9,5,2,-1,10
2787,2787,1503683100833,10,2,-1,-5,-3,2,0,0
2788,2788,1503683100841,7,-4,4,20,48,14,5,4
2789,2789,1503683100856,1,5,1,1,0,3,-6,2
2790,2790,1503683100862,-35,-11,-5,-12,-21,-6,-6,-2
2791,2791,1503683100874,-4,1,3,3,7,-6,2,-4
2792,2792,1503683100886,-4,-11,2,3,-3,0,5,2
2793,2793,1503683100892,-5,1,-1,-12,-23,-13,-2,2
2794,2794,1503683100900,-8,-6,-3,-4,3,4,4,-6
3821,3821,1503683110971,-5,-3,7,2,0,-2,1,-1
3822,3822,1503683110979,-5,-1,1,-1,-2,-1,0,-4
3823,3823,1503683110987,1,7,-2,0,-1,0,0,2
3824,3824,1503683111002,-2,4,-1,-2,-3,-2,-3,-4
3825,3825,1503683111010,-16,-8,-1,0,1,2,0,-3
3826,3826,1503683111018,-2,-2,1,1,0,-2,-5,-1
3827,3827,1503683111033,21,5,-10,-4,-1,-2,-1,4
3828,3828,1503683111040,-5,-4,-4,-2,0,1,1,-1
3829,3829,1503683111047,-14,12,0,1,1,1,0,-1
3830,3830,1503683111062,5,-2,-5,-4,-1,-1,-1,4
3831,3831,1503683111069,5,-4,0,-2,-2,0,1,-2
3832,3832,1503683111078,-17,-7,-3,-1,-1,0,0,-5
3833,3833,1503683111091,-6,-4,2,1,-1,-2,-2,-1
3834,3834,1503683111100,10,-2,-5,0,-2,-1,-1,-1
3835,3835,1503683111107,0,-14,-1,-2,1,0,-2,-1
3836,3836,1503683111122,1,5,0,-1,0,0,-2,-2
3837,3837,1503683111130,-5,11,7,1,1,-2,-1,-2
3838,3838,1503683111137,-2,0,0,-1,-1,-3,-2,-2
3839,3839,1503683111151,-6,-9,-3,0,-1,2,-2,-1
3840,3840,1503683111160,0,-3,-5,0,-2,0,2,-2
3841,3841,1503683111167,0,0,-7,-2,-2,-3,1,4
3842,3842,1503683111182,-12,0,6,0,-1,-3,-1,-4
3843,3843,1503683111192,2,-1,-1,-1,-2,-2,-1,-2
3844,3844,1503683111197,5,0,-2,-4,-2,-1,0,0
3845,3845,1503683111198,-4,-20,-4,-2,0,0,-2,-2
3846,3846,1503683111211,-27,-2,2,-1,-2,-3,-6,-13
3847,3847,1503683111219,16,3,-1,0,-1,1,1,6
3848,3848,1503683111227,2,-7,-5,-1,-2,-1,0,-1
3849,3849,1503683111242,-10,5,1,1,0,1,-1,-2
3850,3850,1503683111249,25,12,-2,-2,-1,0,2,6
3851,3851,1503683111259,0,-3,-2,-2,1,1,1,3
3852,3852,1503683111271,-21,-18,-8,-3,-3,0,-3,-6
3853,3853,1503683111280,-5,5,-3,-6,-7,-3,-3,-8
3854,3854,1503683111287,18,9,2,1,-1,-3,-1,-1
3855,3855,1503683111302,-13,-9,-7,-2,0,-3,-2,-6
3856,3856,1503683111309,17,10,2,-1,-1,1,1,1
3857,3857,1503683111317,-1,1,3,-9,-2,2,-2,0
3858,3858,1503683111339,-23,-7,-1,-5,-12,-1,0,1
3859,3859,1503683111341,3,-3,-1,-3,-1,1,2,1
3860,3860,1503683111347,-14,1,1,4,-1,0,0,-3
3861,3861,1503683111363,20,15,-2,-10,-3,-2,-2,4
3862,3862,1503683111369,-7,-12,-4,3,3,0,2,2
3863,3863,1503683111378,-12,-30,-6,3,1,1,-2,-4
3864,3864,1503683111393,-30,-8,-10,-3,0,0,3,1
3865,3865,1503683111407,7,-7,5,9,4,1,0,2
3866,3866,1503683111408,-1,5,4,-4,1,-1,0,2
3867,3867,1503683111422,24,10,-2,-19,-32,-1,4,6
3868,3868,1503683111429,-11,-13,-7,-14,-17,-3,-1,-5
3869,3869,1503683111430,-1,3,4,29,40,0,-2,2
3870,3870,1503683111437,2,3,7,7,12,-1,0,0
3871,3871,1503683111452,-5,-11,-1,-13,-16,-1,-1,-3
3872,3872,1503683111460,15,18,2,0,-2,-4,-4,-7
3873,3873,1503683111467,-3,-16,0,-3,-6,1,-1,-4
3874,3874,1503683111482,-9,7,4,5,1,-2,-2,-1
3875,3875,1503683111489,43,9,-1,-7,-6,-3,-1,6
3876,3876,1503683111498,-6,-1,-2,3,4,1,1,2
3877,3877,1503683111512,-8,-1,-5,-18,-13,-2,1,0
3878,3878,1503683111520,-15,-3,-3,24,30,1,0,-4
3879,3879,1503683111527,31,11,2,1,5,1,4,9
3880,3880,1503683111542,-35,-28,-8,-7,-10,-2,-4,-14
3881,3881,1503683111549,9,-1,-1,1,-4,1,-3,3
3882,3882,1503683111557,-13,-4,-2,0,-4,-2,-1,2
3883,3883,1503683111572,-15,-1,1,-1,-3,-2,-1,-5
3884,3884,1503683111581,21,-16,0,-4,-5,1,1,4
3885,3885,1503683111589,-21,2,-1,4,1,-3,-7,-8
3886,3886,1503683111602,11,28,7,-1,-1,-1,3,4
3887,3887,1503683111610,35,19,3,0,-1,-2,-4,-7
3888,3888,1503683111618,-17,-8,-5,-3,-5,-4,-4,-6
3889,3889,1503683111632,-16,-8,-2,0,1,-1,-2,-4
3890,3890,1503683111640,23,6,6,2,1,1,6,11
3891,3891,1503683111647,-9,-34,7,4,3,0,-10,-7
4684,4684,1503683119410,5,-1,0,-1,-2,-2,-4,-3
4685,4685,1503683119425,2,0,3,2,1,1,1,3
4686,4686,1503683119433,1,-4,1,0,1,0,-1,1
4687,4687,1503683119440,-3,4,0,-2,-2,0,5,1
4688,4688,1503683119454,-24,-2,-1,0,-4,-2,-2,-5
4689,4689,1503683119462,-2,-8,-3,-5,-1,-2,-2,0
4690,4690,1503683119469,19,9,-4,1,-1,-2,-1,3
4691,4691,1503683119485,2,3,-1,2,-2,-3,-1,0
4692,4692,1503683119492,-6,-11,-1,-1,-1,0,-1,-1
4693,4693,1503683119503,7,4,-2,-1,0,0,1,0
4694,4694,1503683119514,2,-3,-3,0,0,-1,-3,-4
4695,4695,1503683119522,2,-10,-9,-3,-1,-2,-3,-2
4696,4696,1503683119529,7,-3,-6,-1,0,-2,-1,-2
4697,4697,1503683119545,2,0,2,1,0,-1,-1,0
4698,4698,1503683119552,-27,-9,-3,-3,-1,-1,1,-2
4699,4699,1503683119560,-6,1,-2,-2,-2,-2,-2,-3
4700,4700,1503683119575,-8,-2,0,-3,-4,-1,-2,-2
4701,4701,1503683119582,-4,-10,-1,-1,1,-1,0,1
4702,4702,1503683119590,5,-4,-3,3,1,0,0,-1
4703,4703,1503683119606,6,-1,-1,-1,-1,0,-1,2
4704,4704,1503683119612,10,5,3,0,1,1,1,2
4705,4705,1503683119620,15,2,4,1,0,-1,-1,1
4706,4706,1503683119636,-10,-3,-1,-2,-2,-4,-1,1
4707,4707,1503683119643,-6,-12,-2,1,0,0,3,-1
4708,4708,1503683119644,-1,18,4,1,1,0,-1,0
4709,4709,1503683119649,1,-5,-2,0,0,0,0,-3
4710,4710,1503683119667,-7,-1,1,0,-1,-2,-1,-3
4711,4711,1503683119672,-5,-2,2,0,1,0,-3,0
4712,4712,1503683119680,-3,-2,0,-2,0,0,0,-3
4713,4713,1503683119694,-4,-13,1,0,-1,-1,2,2
4714,4714,1503683119702,-1,-14,-4,0,-2,0,-2,0
4715,4715,1503683119710,31,6,-4,-1,0,-2,0,1
4716,4716,1503683119725,-1,2,-3,-3,-3,-1,0,1
4717,4717,1503683119732,1,-1,-4,-3,0,1,0,1
4718,4718,1503683119740,-2,-3,-4,-2,-1,-2,0,-5
4719,4719,1503683119754,5,1,-1,0,-2,-1,-1,2
4720,4720,1503683119762,-6,10,5,1,3,-1,-2,-2
4721,4721,1503683119769,-8,-3,-1,0,-1,1,0,-1
4722,4722,1503683119784,9,11,3,-2,-2,-1,-1,-1
4723,4723,1503683119791,10,9,2,-1,1,-1,-3,-2
4724,4724,1503683119801,-5,-7,-4,1,1,-2,0,-2
4725,4725,1503683119814,0,1,0,-3,-2,-1,2,-1
4726,4726,1503683119822,-7,0,2,1,0,0,-1,-3
4727,4727,1503683119829,-5,-2,-3,1,0,1,0,-1
4728,4728,1503683119844,1,6,4,-1,-1,-2,-3,-4
4729,4729,1503683119845,5,-4,-2,-1,-1,0,-2,1
4730,4730,1503683119851,-2,0,-2,-2,-2,-2,1,1
4731,4731,1503683119860,-7,-15,-5,-1,-2,1,2,3
4732,4732,1503683119875,8,4,5,0,0,-2,-1,-2
4733,4733,1503683119882,-1,2,-3,-2,1,0,1,0
4734,4734,1503683119889,-3,1,2,0,-2,0,-1,-4
4735,4735,1503683119905,14,-1,-1,0,0,-2,0,0
4736,4736,1503683119912,-6,-9,-4,-1,-2,1,-2,0
4737,4737,1503683119920,-6,0,0,-1,-1,-1,-1,0
4738,4738,1503683119936,-2,7,1,1,0,-1,1,-3
4739,4739,1503683119942,-5,3,-5,1,-2,0,-1,0
4740,4740,1503683119949,-5,-2,1,-1,0,0,-4,1
4741,4741,1503683119965,-6,0,3,1,0,-3,-3,-5
4742,4742,1503683119972,-5,-8,-3,0,1,-1,-3,-5
4743,4743,1503683119979,-3,1,0,0,-1,2,2,-1
4744,4744,1503683119994,-25,-19,-3,-3,0,1,1,-3
4745,4745,1503683120003,-3,-4,4,-3,0,0,0,-2
4746,4746,1503683120009,12,3,-3,-1,-2,-1,1,2
4747,4747,1503683120024,-6,-4,-3,0,-2,0,0,1
4748,4748,1503683120031,-1,14,-2,-1,-1,-1,-1,0
4749,4749,1503683120040,1,-2,-7,-2,-3,-2,-1,1
4750,4750,1503683120054,11,0,-1,0,0,1,-1,1
4751,4751,1503683120062,-9,-2,-1,-1,-2,-2,-2,-6
5611,5611,1503683128461,-9,-2,1,0,1,0,-1,-3
5612,5612,1503683128478,0,-5,-1,1,-1,-2,-2,-3
5613,5613,1503683128483,24,3,-4,-2,-1,-1,0,1
5614,5614,1503683128491,6,-2,-6,0,-1,-1,0,2
5615,5615,1503683128505,-5,-3,-4,-1,-2,-1,-2,0
5616,5616,1503683128514,11,3,-1,0,-1,1,-1,1
5617,5617,1503683128521,0,-2,1,-2,-1,-3,0,-3
5618,5618,1503683128536,7,-2,-1,0,0,0,0,-1
5619,5619,1503683128547,-7,3,4,0,-1,-2,-1,-2
5620,5620,1503683128551,-1,1,3,0,0,0,-1,0
5621,5621,1503683128565,-12,-7,0,0,0,-1,-2,-1
5622,5622,1503683128573,1,8,1,-1,-1,0,-1,0
5623,5623,1503683128582,4,-2,-1,-1,0,-1,1,0
5624,5624,1503683128596,-5,-5,0,0,-1,0,1,-2
5625,5625,1503683128603,-1,2,-3,1,-1,-2,-3,-1
5626,5626,1503683128612,-9,-1,0,-2,-1,-2,1,-1
5627,5627,1503683128625,-1,10,2,3,-1,0,1,2
5628,5628,1503683128633,-2,-1,-4,-1,-2,-2,-1,-2
5629,5629,1503683128634,3,1,-1,-1,-1,0,1,-1
5630,5630,1503683128648,-5,-6,-4,-2,-2,0,0,-1
5631,5631,1503683128656,-4,0,3,0,-1,0,-1,-3
5632,5632,1503683128663,-27,-3,2,0,0,-1,0,-1
5633,5633,1503683128679,-5,-5,-2,-3,1,1,0,0
5634,5634,1503683128686,4,7,2,-3,0,0,-4,-1
5635,5635,1503683128694,-4,-1,2,1,-1,-3,-1,1
5636,5636,1503683128708,0,-7,0,1,-2,-1,-1,-4
5637,5637,1503683128716,-11,-3,1,0,1,0,-2,-5
5638,5638,1503683128724,7,-1,-3,0,0,1,-2,1
5639,5639,1503683128739,-3,0,-2,-1,-1,0,-1,2
5640,5640,1503683128746,7,2,-2,0,0,-1,0,-1
5641,5641,1503683128754,-1,-2,0,1,0,0,-1,1
5642,5642,1503683128768,-1,-4,-4,0,-1,0,-1,-1
5643,5643,1503683128777,3,-2,-3,1,-1,0,0,0
5644,5644,1503683128784,-7,-13,-4,-1,-2,-1,1,0
5645,5645,1503683128799,-8,-2,2,-1,-1,-1,-2,-6
5646,5646,1503683128806,-7,-4,0,0,0,-1,1,-2
5647,5647,1503683128814,17,4,-2,-3,-3,-2,-2,-1
5648,5648,1503683128828,1,1,0,-3,-2,-3,-2,0
5649,5649,1503683128837,0,-1,-2,-1,-1,-1,-2,-3
5650,5650,1503683128843,-3,1,-1,0,2,1,1,2
5651,5651,1503683128859,-4,-5,-3,-1,-1,-2,-1,-2
5652,5652,1503683128865,-3,0,-1,-1,-1,-1,-4,-2
5653,5653,1503683128881,-12,0,-2,0,-1,0,0,0
5654,5654,1503683128888,-1,-4,2,-1,-2,0,-1,-3
5655,5655,1503683128889,4,-1,-6,-3,-2,-2,-1,-2
5656,5656,1503683128896,14,3,0,0,0,-1,-1,0
5657,5657,1503683128904,-7,-5,-2,-1,-1,-1,-1,-1
5658,5658,1503683128919,1,5,3,0,2,1,0,1
5659,5659,1503683128926,2,1,2,1,2,1,1,-1
5660,5660,1503683128933,-14,-8,-3,-1,-3,-2,-3,-5
5661,5661,1503683128949,1,1,0,-1,-3,-3,-1,1
5662,5662,1503683128956,4,-4,-2,-1,0,-1,1,-1
5663,5663,1503683128963,23,-8,-5,-5,-3,-2,0,1
5664,5664,1503683128981,3,5,2,-1,-2,0,-1,-1
5665,5665,1503683128986,9,7,3,-1,-2,-3,-1,-1
5666,5666,1503683128994,-15,-5,-2,0,-1,-1,0,1
5667,5667,1503683129008,-4,-11,-1,-2,-1,-2,-2,-3
5668,5668,1503683129016,-3,-2,-4,-4,-1,0,1,1
5669,5669,1503683129024,-9,-8,-2,-1,-2,1,-1,-1
5670,5670,1503683129039,5,0,2,-1,-1,-2,-1,-2
5671,5671,1503683129048,-3,7,1,-2,-1,1,0,1
5672,5672,1503683129054,9,-2,-4,-2,-2,-3,-2,0
5673,5673,1503683129068,3,5,0,1,0,-1,-1,1
5674,5674,1503683129076,25,5,-2,0,-3,-2,-3,1
5675,5675,1503683129084,-8,-2,-5,-2,0,2,-3,-6
5676,5676,1503683129099,4,-2,-6,-1,-3,-1,-1,2
5677,5677,1503683129106,-2,-2,-3,0,-3,-2,1,0
5678,5678,1503683129114,-14,0,-1,-2,2,-1,2,-2
6511,6511,1503683137250,0,-7,-2,0,0,-1,-1,-6
6512,6512,1503683137258,-21,-3,0,0,-2,-1,1,-1
6513,6513,1503683137266,9,-2,-4,-2,-1,-1,2,0
6514,6514,1503683137281,6,-2,1,0,0,-2,-1,-9
6515,6515,1503683137289,-4,-5,0,1,0,-1,-2,-4
6516,6516,1503683137297,8,-5,-5,-2,0,-3,-2,2
6517,6517,1503683137310,9,8,3,1,-1,1,-2,0
6518,6518,1503683137318,4,0,-2,-1,1,1,0,1
6519,6519,1503683137327,-5,4,2,0,1,0,-1,3
6520,6520,1503683137341,9,4,-2,-1,-2,-1,-1,1
6521,6521,1503683137348,6,3,-3,-2,-1,3,2,3
6522,6522,1503683137357,6,-11,-3,-4,-1,-1,0,1
6523,6523,1503683137370,7,-7,-1,0,0,0,0,2
6524,6524,1503683137378,4,-4,3,-1,-2,-3,0,-1
6525,6525,1503683137386,-14,-2,0,0,0,-2,0,-1
6526,6526,1503683137401,-6,-10,0,3,1,1,-2,-2
6527,6527,1503683137408,8,-3,2,0,0,-1,-1,0
6528,6528,1503683137416,-1,2,0,-1,0,0,0,-5
6529,6529,1503683137431,13,4,0,0,1,1,-2,-2
6530,6530,1503683137438,-4,2,-1,-1,-1,0,1,-1
6531,6531,1503683137446,0,-5,-6,-2,-2,-3,0,2
6532,6532,1503683137463,17,13,-3,-2,-3,-2,-2,-1
6533,6533,1503683137468,10,0,0,-1,-1,-1,0,4
6534,6534,1503683137476,-15,-2,2,0,0,0,-2,-2
6535,6535,1503683137490,-5,-2,-1,0,-2,-2,0,-6
6536,6536,1503683137498,-6,4,2,-2,0,0,1,3
6537,6537,1503683137506,1,-1,0,-2,0,-1,-1,-4
6538,6538,1503683137524,0,13,1,-1,-1,1,-1,-2
6539,6539,1503683137528,-12,5,-1,-2,-2,-1,-3,0
6540,6540,1503683137536,2,-5,-2,-2,-1,-1,0,1
6541,6541,1503683137550,-20,9,-1,-3,-3,-2,-1,-2
6542,6542,1503683137558,-8,-9,-4,0,0,-3,-3,0
6543,6543,1503683137566,-3,-11,-4,0,-1,0,-2,0
6544,6544,1503683137581,-4,-2,-1,-2,-1,-2,0,1
6545,6545,1503683137593,8,8,1,1,-2,-1,-2,-7
6546,6546,1503683137597,-3,-8,-3,-2,-1,0,-3,-5
6547,6547,1503683137610,4,0,4,2,2,1,2,2
6548,6548,1503683137618,-5,0,4,0,-2,-1,-1,5
6549,6549,1503683137626,5,-9,-3,-3,-2,-1,-3,-4
6550,6550,1503683137641,-3,3,-1,-3,0,1,0,-1
6551,6551,1503683137648,19,-1,0,0,1,-1,0,0
6552,6552,1503683137659,13,22,4,1,0,0,-2,-5
6553,6553,1503683137670,-4,-6,1,2,0,-2,0,-4
6554,6554,1503683137678,-3,-8,-3,2,0,-2,0,3
6555,6555,1503683137686,-1,-2,-5,-2,-3,-1,0,2
6556,6556,1503683137701,3,-4,-1,-1,-2,-2,-1,3
6557,6557,1503683137709,-6,-2,0,1,-1,1,-1,-3
6558,6558,1503683137716,-2,-4,-5,-1,-2,-2,-4,-7
6559,6559,1503683137730,-1,-1,-6,-3,-2,-1,0,-1
6560,6560,1503683137738,-1,-10,-1,-1,0,1,0,0
6561,6561,1503683137745,2,11,4,-2,-2,0,-2,1
6562,6562,1503683137761,4,-7,-4,-1,-2,-2,-1,-2
6563,6563,1503683137768,-13,-7,-3,0,-1,-2,2,2
6564,6564,1503683137776,4,2,0,0,0,1,0,-4
6565,6565,1503683137791,-1,3,3,2,-1,-1,-1,-5
6566,6566,1503683137798,-4,5,3,1,-2,-1,2,6
6567,6567,1503683137806,-3,-2,0,-2,0,-2,-1,-1
6568,6568,1503683137821,-14,0,2,0,1,-1,1,-2
6569,6569,1503683137830,1,6,3,0,-1,-1,0,3
6570,6570,1503683137831,-1,0,0,-1,0,2,-1,-2
6571,6571,1503683137843,-11,2,0,-2,-1,-1,-1,-3
6572,6572,1503683137850,6,12,5,2,1,-1,-1,-1
6573,6573,1503683137858,0,2,-2,1,-1,-1,-3,-5
6574,6574,1503683137866,-5,-1,-5,-2,-1,0,0,4
6575,6575,1503683137881,-3,1,1,-1,0,0,-3,-8
6576,6576,1503683137888,4,-11,-4,-1,0,1,0,0
6577,6577,1503683137896,2,-3,-2,-3,0,-1,0,0
6578,6578,1503683137910,3,1,0,-2,-1,-2,-1,0
6579,6579,1503683137918,-2,3,-2,-1,-3,1,-3,-3
6580,6580,1503683137926,-3,-9,-2,-1,-2,0,0,1
6581,6581,1503683137941,1,3,0,1,0,-1,-1,1
6582,6582,1503683137948,-8,9,-2,-1,-1,-1,-4,-5
6583,6583,1503683137958,16,3,-2,-2,-2,-7,-2,1
6584,6584,1503683137970,3,-6,-5,-1,1,0,1,1
6585,6585,1503683137978,-4,-6,0,-2,-11,-9,0,-1
6586,6586,1503683137993,3,-2,-1,-2,6,7,-1,-3
6587,6587,1503683138001,2,1,3,2,0,-4,0,2
6588,6588,1503683138008,6,-6,0,-1,-2,-1,-2,2
6589,6589,1503683138024,0,-1,0,0,1,0,-2,-1
6590,6590,1503683138030,0,5,0,-1,-2,-1,-1,4
6591,6591,1503683138038,-1,-2,0,-1,1,1,-1,0
6592,6592,1503683138052,3,3,2,2,-1,-3,-1,-2
6593,6593,1503683138061,-8,-7,-4,1,3,3,0,-4
6594,6594,1503683138068,-3,-3,-4,-1,-4,-1,-1,-1
6595,6595,1503683138083,-44,-1,-2,-3,2,3,-1,-5
6596,6596,1503683138093,5,8,-2,-2,-2,-3,-1,-1
6597,6597,1503683138098,15,-8,-4,-2,1,-1,0,-2
6598,6598,1503683138112,-7,-12,-2,-3,-2,-2,0,-1
7467,7467,1503683146633,2,10,0,1,0,0,0,0
7468,7468,1503683146641,-12,-7,-2,1,0,0,-1,2
7469,7469,1503683146655,1,2,3,0,-2,0,1,0
7470,7470,1503683146663,12,3,1,0,-2,0,1,4
7471,7471,1503683146670,-14,-12,-4,-2,-1,-1,-5,-8
7472,7472,1503683146685,-7,-8,-2,1,2,1,0,-2
7473,7473,1503683146693,-1,-6,-1,-3,-4,-2,0,0
7474,7474,1503683146704,2,2,-3,-2,0,-1,-2,-2
7475,7475,1503683146715,-5,-2,-2,-1,-2,-1,1,-1
7476,7476,1503683146723,-3,6,0,-2,-1,-2,1,4
7477,7477,1503683146730,31,6,1,-1,0,-1,-2,3
7478,7478,1503683146746,-3,-3,0,-2,-2,-2,-1,-2
7479,7479,1503683146753,0,17,7,1,-1,0,0,-1
7480,7480,1503683146761,12,16,-3,-2,-1,0,-1,0
7481,7481,1503683146776,-8,-10,-4,0,1,1,2,-2
7482,7482,1503683146783,-3,-2,0,-2,-2,0,0,-4
7483,7483,1503683146790,-2,0,1,-1,1,0,-1,1
7484,7484,1503683146806,-8,-8,-1,-3,-1,-1,2,-2
7485,7485,1503683146813,-4,-4,-2,-1,-1,-3,-4,-3
7486,7486,1503683146821,-4,4,3,0,0,-1,-2,0
7487,7487,1503683146838,-6,-7,-1,-2,-1,1,0,1
7488,7488,1503683146843,1,1,-1,1,1,0,1,-1
7489,7489,1503683146850,-11,-5,-2,-1,-2,-1,-1,0
7490,7490,1503683146865,5,5,3,-1,-2,-1,-2,-1
7491,7491,1503683146875,1,3,0,-3,0,-1,-1,0
7492,7492,1503683146881,-11,-10,-5,-3,-2,-1,-2,-6
7493,7493,1503683146895,5,6,0,-2,-1,-2,-1,1
7494,7494,1503683146905,-12,-9,1,1,0,1,-1,0
7495,7495,1503683146911,9,0,0,1,-1,-1,-1,-1
7496,7496,1503683146925,-7,-2,1,-1,-2,-2,-1,-5
7497,7497,1503683146933,9,-1,-3,-2,-3,-2,1,1
7498,7498,1503683146942,-4,0,-2,-1,-2,-4,-2,0
7499,7499,1503683146955,13,1,-4,-1,-1,0,3,1
7500,7500,1503683146963,-1,-2,1,0,0,-3,-2,0
7501,7501,1503683146971,-21,-7,-1,1,-1,0,-1,-1
7502,7502,1503683146985,0,-1,-2,1,0,-2,-3,-5
7503,7503,1503683146993,-10,-1,6,2,0,0,-2,-5
7504,7504,1503683147001,-3,0,1,-2,0,-2,-2,0
7505,7505,1503683147015,-14,-8,-6,-2,-1,-2,-1,-3
7506,7506,1503683147023,13,11,-1,0,-1,0,1,2
7507,7507,1503683147030,-3,-4,-3,-2,-1,0,-3,-2
7508,7508,1503683147046,12,8,-6,-3,-2,-1,1,5
7509,7509,1503683147053,-15,-12,-2,1,0,0,-1,0
7510,7510,1503683147061,9,-6,0,-1,-1,-1,-1,-2
7511,7511,1503683147076,5,1,-5,-1,-2,-1,1,0
7512,7512,1503683147083,-6,-3,-1,0,1,2,1,3
7513,7513,1503683147090,-7,-3,-1,0,0,1,-4,-4
7514,7514,1503683147106,2,-4,-2,-2,-3,0,0,2
7515,7515,1503683147113,5,2,1,-4,-1,-1,-1,1
7516,7516,1503683147121,-12,-11,-5,-3,0,-1,-5,-6
7517,7517,1503683147139,8,6,-2,-1,-1,-1,0,1
7518,7518,1503683147144,7,1,5,3,1,-1,-2,-3
7519,7519,1503683147150,-13,7,-3,-1,0,1,-1,-2
7520,7520,1503683147166,-21,-9,-3,0,-2,2,1,0
7521,7521,1503683147173,12,-5,2,2,0,-1,-2,0
7522,7522,1503683147181,-2,7,5,0,-2,-1,-1,0
7523,7523,1503683147195,0,-1,-5,-2,-2,-4,-2,1
7524,7524,1503683147206,-4,-4,-4,-2,-1,-2,-3,-7
7525,7525,1503683147210,-17,-6,-2,0,0,-2,-3,-5
7526,7526,1503683147211,12,3,1,-1,-3,0,-1,0
7527,7527,1503683147225,2,0,-1,-1,0,0,0,1
7528,7528,1503683147241,-8,-4,0,2,0,-1,-3,-5
7529,7529,1503683147242,9,16,5,1,1,-1,-1,0
7530,7530,1503683147255,8,-2,4,1,1,2,3,4
7531,7531,1503683147263,-9,-9,-6,-2,-2,-2,-1,-5
7532,7532,1503683147276,7,7,1,0,1,0,-1,0
7533,7533,1503683147285,7,-4,-4,-2,-2,1,-1,0
7534,7534,1503683147293,-16,-5,1,-1,-2,0,0,-2
7535,7535,1503683147308,1,1,-2,-2,-2,-1,-1,2
7536,7536,1503683147316,10,13,1,2,0,-1,0,1
7537,7537,1503683147323,-3,1,2,1,-1,0,-1,-3
7538,7538,1503683147339,3,0,1,1,-2,-3,-3,3
7539,7539,1503683147345,2,-5,-6,-3,-1,-2,-1,-1
7540,7540,1503683147353,20,26,2,-2,0,1,0,3
7541,7541,1503683147368,1,-2,-1,-1,0,-2,0,-2
7542,7542,1503683147377,-9,7,-1,-5,-1,-2,-1,-2
7543,7543,1503683147383,-8,-7,-2,-1,-1,0,-1,3
7544,7544,1503683147397,7,-8,-2,1,-1,-1,-1,-2
7545,7545,1503683147406,-8,-3,-1,0,-1,-1,-2,-2
7546,7546,1503683147413,-12,-11,-5,-1,-3,-2,-3,-4
7547,7547,1503683147428,6,2,4,3,0,0,-3,-1
7548,7548,1503683147436,7,3,0,1,0,-1,-2,-4
7549,7549,1503683147443,-4,-13,-2,-1,0,-1,1,-3
7550,7550,1503683147457,-8,-14,-4,-2,-3,-2,-1,-1
7551,7551,1503683147465,16,10,-1,-2,-3,-2,-1,1
7552,7552,1503683147473,-8,-5,-1,0,1,0,1,-4
7553,7553,1503683147488,-11,-5,-3,-2,0,1,2,3
7554,7554,1503683147496,-4,-1,1,0,1,-1,-4,-5
8304,8304,1503683154822,-10,-3,1,1,0,-1,-1,0
8305,8305,1503683154838,-3,1,-1,0,-2,0,0,1
8306,8306,1503683154844,1,-2,-2,-3,-1,1,0,5
8307,8307,1503683154852,-10,-2,1,-2,-1,-3,-1,-3
8308,8308,1503683154867,-2,-3,-2,-3,-3,-2,-1,0
8309,8309,1503683154876,5,-3,-1,-3,-1,1,-1,3
8310,8310,1503683154882,-11,-8,-5,-1,-2,-1,1,-1
8311,8311,1503683154897,5,0,-3,-2,-2,-2,-2,-3
8312,8312,1503683154904,-2,1,2,-1,-1,1,-1,-3
8313,8313,1503683154913,-5,3,-3,0,0,0,-1,-3
8314,8314,1503683154927,-13,-5,-1,-1,0,-2,-1,-2
8315,8315,1503683154935,1,-6,-2,-4,-1,-2,-3,0
8316,8316,1503683154949,11,7,1,-2,0,-1,0,0
8317,8317,1503683154957,4,3,-1,-3,0,1,0,5
8318,8318,1503683154964,11,3,-3,-3,-3,0,-2,1
8319,8319,1503683154972,-6,-4,0,2,0,1,-1,1
8320,8320,1503683154994,-7,-1,-6,-3,0,-1,-2,-1
8321,8321,1503683154996,8,2,-6,-2,-3,-2,-3,-1
8322,8322,1503683155002,-3,0,0,1,0,-1,-1,-3
8323,8323,1503683155018,-4,-2,2,0,-1,0,1,-3
8324,8324,1503683155024,-4,-6,1,-3,-1,0,1,-5
8325,8325,1503683155032,6,2,2,0,0,0,3,1
8326,8326,1503683155047,-3,6,2,0,0,-1,2,5
8327,8327,1503683155055,6,1,0,-1,-1,-1,-3,0
8328,8328,1503683155062,-3,-2,1,2,-1,0,-1,0
8329,8329,1503683155079,-1,2,2,-1,0,-1,0,-1
8330,8330,1503683155084,10,-2,-3,-2,-1,-3,-4,-3
8331,8331,1503683155092,-13,-6,-6,-3,-2,-2,-3,-8
8332,8332,1503683155107,-6,0,0,-2,1,-1,-3,-7
8333,8333,1503683155115,-2,-6,-2,-1,0,0,0,3
8334,8334,1503683155123,-1,0,0,-1,-1,0,1,1
8335,8335,1503683155137,-6,0,2,0,-2,-1,-1,-2
8336,8336,1503683155145,9,-5,-4,-1,-3,-1,-2,0
8337,8337,1503683155153,-2,-3,2,1,0,0,0,1
8338,8338,1503683155167,-5,0,1,1,-2,-3,-2,-4
8339,8339,1503683155175,4,-2,-4,1,0,-2,-2,-2
8340,8340,1503683155183,-10,-7,-3,-3,0,0,1,1
8341,8341,1503683155197,11,2,-2,-1,-2,0,-1,2
8342,8342,1503683155204,-1,-2,-3,-1,-2,0,1,0
8343,8343,1503683155212,-9,-1,0,0,-2,-1,-1,-1
8344,8344,1503683155213,0,-4,-4,-1,0,1,2,1
8345,8345,1503683155227,3,2,-1,-2,-2,-1,1,3
8346,8346,1503683155235,-3,1,-3,0,0,0,-2,-3
8347,8347,1503683155242,-2,4,2,0,1,0,-1,-1
8348,8348,1503683155258,6,1,-2,-4,-3,-1,-2,0
8349,8349,1503683155264,-1,8,3,2,-1,-1,-4,-3
8350,8350,1503683155272,-1,-1,4,-1,-1,-2,0,1
8351,8351,1503683155287,-11,-7,-2,-2,0,0,0,-3
8352,8352,1503683155295,-5,-1,0,0,-2,-2,-1,0
8353,8353,1503683155302,-3,-4,-4,0,-1,-1,-1,-1
8354,8354,1503683155318,6,2,-2,2,1,1,2,1
8355,8355,1503683155324,-3,-4,-2,-2,-1,1,-1,-1
8356,8356,1503683155332,-1,3,2,1,1,-1,1,1
8357,8357,1503683155347,2,0,-3,-3,-1,-3,-2,-1
8358,8358,1503683155355,-1,-2,-3,-2,-2,1,-1,1
8359,8359,1503683155362,-11,-5,-2,-3,-3,0,0,0
8360,8360,1503683155380,0,-4,-3,-2,-1,-2,-1,-1
8361,8361,1503683155385,-3,-1,0,-2,0,0,-1,-3
8362,8362,1503683155392,-3,8,2,0,-2,1,0,-3
8363,8363,1503683155408,-8,-2,1,1,1,-1,2,2
8364,8364,1503683155415,8,0,-2,0,0,-2,-2,0
8365,8365,1503683155430,2,-3,0,2,0,0,-2,1
8366,8366,1503683155437,1,-2,-2,-1,0,3,2,5
8367,8367,1503683155448,12,7,2,2,-2,1,-1,3
8368,8368,1503683155453,-11,-6,2,-1,1,1,-2,-4
8369,8369,1503683155468,-4,-6,0,-2,-1,-1,1,-1
8370,8370,1503683155475,-7,1,-2,-1,-2,-2,-1,-4
8371,8371,1503683155490,16,5,0,1,-2,-1,0,0
9064,9064,1503683162322,3,4,2,-2,-4,0,0,5
9065,9065,1503683162337,1,1,0,-2,0,2,1,2
9066,9066,1503683162345,-2,-2,-2,-3,0,0,-2,-2
9067,9067,1503683162353,4,4,0,1,-1,-2,-1,1
9068,9068,1503683162367,2,0,3,0,-2,-2,-1,0
9069,9069,1503683162375,-1,-4,1,-1,1,1,1,0
9070,9070,1503683162382,-4,-2,1,1,-1,-1,-1,0
9071,9071,1503683162397,-4,-4,-2,-1,-1,-2,-2,-1
9072,9072,1503683162404,0,1,-3,-1,1,-1,1,-1
9073,9073,1503683162414,-2,1,-2,0,-3,-2,-1,-4
9074,9074,1503683162428,-2,0,-1,0,-2,-3,-3,0
9075,9075,1503683162435,-7,0,-1,0,-1,0,0,2
9076,9076,1503683162436,0,1,2,-1,-1,-2,-2,-6
9077,9077,1503683162442,-1,-5,-4,0,-3,-1,-1,-2
9078,9078,1503683162457,-11,-6,-3,-3,-2,2,-3,1
9079,9079,1503683162464,3,-3,-2,-1,-1,0,0,1
9080,9080,1503683162465,-2,-3,2,0,-1,-1,-3,0
9081,9081,1503683162473,2,1,-1,0,2,0,1,3
9082,9082,1503683162488,0,1,-1,-3,0,-1,0,-1
9083,9083,1503683162496,-8,-3,0,0,-1,1,0,0
9084,9084,1503683162502,1,-6,-5,-1,0,2,0,2
9085,9085,1503683162518,-3,-2,2,0,-1,-1,-2,-5
9086,9086,1503683162525,-3,-2,1,0,-2,0,2,-1
9087,9087,1503683162533,4,1,1,0,0,1,0,3
9088,9088,1503683162549,5,0,0,-2,-1,-2,-2,-2
9089,9089,1503683162556,4,-1,-2,0,0,-2,-2,-1
9090,9090,1503683162562,2,2,0,0,0,0,2,3
9091,9091,1503683162577,0,1,-1,1,-1,0,-2,-1
9092,9092,1503683162585,-2,-1,-2,0,-1,-2,-2,3
9093,9093,1503683162601,0,-2,-1,-1,-1,-2,-1,-3
9094,9094,1503683162607,-4,1,1,1,1,1,-3,0
9095,9095,1503683162624,1,3,-1,-2,0,0,1,-1
9096,9096,1503683162638,1,-2,0,-2,-1,-1,1,1
9097,9097,1503683162645,2,-3,-2,-4,-2,-2,0,-1
9098,9098,1503683162653,-5,2,3,2,1,-2,-2,-1
9099,9099,1503683162667,-6,-2,-3,0,0,-1,-1,-3
9100,9100,1503683162675,1,-2,1,-2,-1,-1,0,0
9101,9101,1503683162683,-3,0,-3,0,-1,-2,-2,-2
9102,9102,1503683162697,-2,-2,-1,0,-1,0,0,-2
9103,9103,1503683162705,2,-2,-1,1,1,-1,1,-1
9104,9104,1503683162715,1,-5,-4,-1,0,-1,-2,1
9105,9105,1503683162728,-2,2,3,-1,0,1,1,2
9106,9106,1503683162735,-10,4,-1,-2,-1,0,0,-4
9107,9107,1503683162742,1,-2,-1,0,-2,-1,-1,0
9108,9108,1503683162758,2,-4,-3,-2,-1,-2,-1,-2
9109,9109,1503683162764,-1,1,0,0,-1,-3,-4,-4
9110,9110,1503683162773,2,2,-2,-1,-1,-3,-3,-2
9111,9111,1503683162787,-3,6,3,0,-1,-1,-1,-1
9112,9112,1503683162795,-1,1,-1,-1,-3,-3,-1,-3
9113,9113,1503683162802,-7,-7,1,-2,-2,2,2,0
9114,9114,1503683162817,1,-4,-3,0,0,-2,-1,-1
9115,9115,1503683162826,0,-4,-3,-2,-1,-3,-2,-1
9116,9116,1503683162833,-5,-1,-1,0,0,0,0,1
9117,9117,1503683162849,2,-1,-3,0,0,-1,0,-1
9118,9118,1503683162855,2,-8,-2,-2,0,0,-1,-2
9119,9119,1503683162862,-5,-2,-5,-2,-2,0,-1,-1
9120,9120,1503683162877,1,7,1,-1,-2,-3,-1,-3
9121,9121,1503683162885,1,0,-2,-2,-1,-1,-2,-5
9122,9122,1503683162893,0,-1,-1,-2,-2,-1,1,2
9123,9123,1503683162907,2,2,2,0,1,-2,0,1
9124,9124,1503683162918,0,0,1,1,0,0,0,3
9784,9784,1503683169334,-2,-4,-2,-1,-2,-2,0,-2
9785,9785,1503683169342,-9,0,-1,1,-2,-1,0,0
9786,9786,1503683169350,-2,-4,-2,-1,-1,1,1,-1
9787,9787,1503683169364,-8,-3,-3,-2,-1,-1,-3,-1
9788,9788,1503683169372,-6,-2,1,-1,0,0,-4,-3
9789,9789,1503683169380,3,-1,1,1,1,0,2,2
9790,9790,1503683169393,-8,-3,-2,-2,-3,0,1,-2
9791,9791,1503683169394,5,0,-2,1,0,-2,-2,-1
9792,9792,1503683169402,5,4,1,-1,-1,1,1,1
9793,9793,1503683169409,-3,0,-2,0,-1,1,0,-1
9794,9794,1503683169424,1,0,-4,-1,0,-1,1,-2
9795,9795,1503683169432,-2,-2,-2,0,0,-2,-3,-2
9796,9796,1503683169440,0,-1,-1,0,-2,-2,-3,-3
9797,9797,1503683169454,5,2,0,1,0,0,-1,0
9798,9798,1503683169462,-7,-1,1,0,0,-3,-4,-5
9799,9799,1503683169469,-4,-2,0,-2,-2,1,1,0
9800,9800,1503683169484,-2,1,-2,-2,-2,0,1,-1
9801,9801,1503683169492,-4,-1,-2,-1,-1,-3,-1,-3
9802,9802,1503683169500,-3,-1,0,0,-1,0,0,1
9803,9803,1503683169514,1,-3,-1,-1,0,-1,0,1
9804,9804,1503683169522,-5,-5,-1,-2,-1,-2,-1,-3
9805,9805,1503683169529,16,-1,0,-1,-2,-1,0,2
9806,9806,1503683169544,0,0,-2,2,-1,0,1,2
9807,9807,1503683169552,-12,-1,0,-4,0,0,0,-3
9808,9808,1503683169560,-6,-1,1,-2,0,1,1,2
9809,9809,1503683169573,-2,0,1,-2,-1,0,-2,-2
9810,9810,1503683169589,8,0,1,0,-2,-2,1,2
9811,9811,1503683169590,-4,0,-2,0,-2,-2,0,-2
9812,9812,1503683169604,4,-1,-1,-1,-1,0,-1,-1
9813,9813,1503683169612,0,0,1,0,-1,-1,-2,1
9814,9814,1503683169620,3,1,-1,-1,0,-1,-1,-2
9815,9815,1503683169633,-13,-4,0,0,1,-1,-1,-4
9816,9816,1503683169642,2,-1,2,-1,-2,0,-2,1
9817,9817,1503683169654,-2,-3,-2,-1,-2,-4,-2,-1
9818,9818,1503683169664,3,-1,-2,-1,-2,-2,1,2
9819,9819,1503683169672,5,0,-1,-2,-1,1,1,1
9820,9820,1503683169687,1,1,3,0,2,1,0,-2
9821,9821,1503683169693,10,0,-1,-2,-1,-1,-1,2
9822,9822,1503683169702,-2,0,-3,2,1,1,0,3
9823,9823,1503683169722,-1,-2,-1,1,1,0,0,0
9824,9824,1503683169724,-5,-3,-2,0,0,0,-1,-2
9825,9825,1503683169732,-3,-1,-3,-3,-1,-1,0,0
9826,9826,1503683169747,-4,-4,-6,-2,-3,0,0,2
9827,9827,1503683169755,-3,2,-2,-1,0,-1,-4,-6
9828,9828,1503683169762,-2,-7,-1,-2,1,-2,0,-1
9829,9829,1503683169777,-3,-3,0,0,-1,-1,0,-1
9830,9830,1503683169788,2,3,0,-1,-3,-1,-3,-4
9831,9831,1503683169792,0,-2,0,0,-2,1,-2,-4
9832,9832,1503683169807,0,3,1,0,0,-1,-2,-1
9833,9833,1503683169813,1,1,-1,-1,-2,-1,0,2
9834,9834,1503683169822,0,0,-2,-4,-2,-3,-1,-1
9835,9835,1503683169836,-4,1,1,1,0,-2,0,-4
9836,9836,1503683169844,-6,1,2,2,0,0,-1,-4
9837,9837,1503683169852,-7,-6,-2,-1,-2,0,-2,1
9838,9838,1503683169866,4,1,-4,-2,-1,-3,-3,-2
9839,9839,1503683169873,0,0,0,0,-1,0,0,-1
9840,9840,1503683169882,-3,-2,-1,0,1,-1,1,0
9841,9841,1503683169896,3,0,-2,0,-2,-1,2,6
9842,9842,1503683169904,-15,-4,0,2,1,1,0,-5
9843,9843,1503683169912,-6,-4,-3,-1,0,-2,-4,-8
9844,9844,1503683169927,2,1,-1,0,-2,-1,2,3
9845,9845,1503683169933,0,1,-3,0,0,-2,1,1
9846,9846,1503683169942,-5,-2,-1,-3,0,-1,-3,-1
9847,9847,1503683169956,-7,-2,-1,-2,2,-1,2,2
9848,9848,1503683169964,-4,-3,-1,-4,-2,-1,0,2
9849,9849,1503683169972,9,0,-1,-1,-1,-1,0,2
9850,9850,1503683169987,0,0,-4,-1,-3,-1,-1,0
9851,9851,1503683169994,-3,1,0,1,-2,0,0,2
9852,9852,1503683170002,4,2,-1,-2,-2,-1,0,-1
9853,9853,1503683170018,0,-1,1,0,0,-1,0,1
9854,9854,1503683170024,2,1,-1,-3,-1,-3,-2,3
9855,9855,1503683170032,-6,-2,0,0,-1,0,-2,-2
9856,9856,1503683170047,2,-1,0,-1,-1,1,-2,-1
9857,9857,1503683170054,9,0,1,-1,-1,-1,-4,-3
9858,9858,1503683170062,2,-1,-2,1,0,-2,-1,-3
9859,9859,1503683170076,0,-1,1,-2,0,-1,0,-1
9860,9860,1503683170086,-4,-6,-2,-2,-1,-3,-3,-2
9861,9861,1503683170087,6,1,-2,0,-3,-1,-1,-1
9862,9862,1503683170092,-5,-2,-4,-4,-1,-2,-1,-2
9863,9863,1503683170107,5,0,0,-2,-2,-1,-1,-2
9864,9864,1503683170113,11,3,0,-1,0,-1,2,1
9865,9865,1503683170122,-5,-2,-2,-1,1,-3,-2,-4
9866,9866,1503683170136,-7,-2,-2,-1,0,-1,-3,-6
9867,9867,1503683170144,-12,-4,0,0,-1,0,-1,1
9868,9868,1503683170153,0,-1,-1,0,-3,-1,0,3
9869,9869,1503683170167,3,-1,0,0,-2,-1,-1,0
9870,9870,1503683170173,-4,-2,-3,-3,-2,-1,0,-1
9871,9871,1503683170182,-7,-4,1,-1,0,-3,-2,-5
10554,10554,1503683176939,-3,-1,-2,-3,-1,0,0,1
10555,10555,1503683176954,3,0,-2,-3,-2,-2,-4,-2
10556,10556,1503683176962,1,0,2,-1,1,0,1,0
10557,10557,1503683176969,0,-2,-2,0,0,-1,-2,-3
10558,10558,1503683176984,11,1,0,3,2,0,0,0
10559,10559,1503683176991,-8,-3,2,0,0,0,-1,-3
10560,10560,1503683176999,-1,1,-3,-11,-10,-3,-1,-1
10561,10561,1503683177014,-6,0,-3,10,7,-2,-3,-6
10562,10562,1503683177022,-1,0,1,4,3,0,-1,1
10563,10563,1503683177029,-1,0,-3,-5,-1,0,-1,2
10564,10564,1503683177044,-13,0,0,-3,-3,-1,0,-4
10565,10565,1503683177056,9,-2,-3,2,1,-1,1,2
10566,10566,1503683177057,6,-1,-1,-2,-2,-2,-3,-2
10567,10567,1503683177066,1,-3,-3,-1,0,1,0,1
10568,10568,1503683177074,1,-1,-2,-1,-2,-1,-1,-1
10569,10569,1503683177082,1,-4,-1,0,0,-3,-3,-3
10570,10570,1503683177089,11,3,2,-4,-5,1,1,1
10571,10571,1503683177104,19,4,2,0,2,0,0,-2
10572,10572,1503683177111,-8,-4,-3,-3,-1,-1,1,2
10573,10573,1503683177126,-3,0,-1,1,1,0,-1,0
10574,10574,1503683177134,-14,-5,-4,0,-1,-1,-2,-2
10575,10575,1503683177142,2,1,0,-1,-1,0,-1,-1
10576,10576,1503683177156,-6,-5,1,2,-1,-3,-2,-2
10577,10577,1503683177164,-8,-4,-3,-2,-4,-2,1,0
10578,10578,1503683177171,-5,2,6,1,1,3,1,1
10579,10579,1503683177188,-9,-2,-2,-1,-2,-2,-5,-5
10580,10580,1503683177194,10,3,-1,0,-1,0,-1,1
10581,10581,1503683177202,-2,-3,-3,0,-3,2,2,5
10582,10582,1503683177217,2,-1,-2,-1,-2,0,0,2
10583,10583,1503683177226,0,0,0,-1,-1,0,3,3
10584,10584,1503683177231,-4,-1,-1,-3,-2,-1,0,-3
10585,10585,1503683177232,0,0,-2,-2,-1,0,2,0
10586,10586,1503683177247,-5,-2,-2,-1,-1,0,-2,-3
10587,10587,1503683177257,-1,-3,1,2,2,-1,0,-3
10588,10588,1503683177262,-4,-2,-1,-1,1,-1,-1,-3
10589,10589,1503683177276,2,1,0,-2,-1,0,1,-1
10590,10590,1503683177284,5,0,-1,-2,-2,0,3,3
10591,10591,1503683177285,-14,-4,2,1,-1,-1,-1,-2
10592,10592,1503683177292,-2,0,-2,-2,-1,-2,-3,-2
10593,10593,1503683177306,12,3,0,-2,-2,0,0,5
10594,10594,1503683177314,1,1,-2,0,0,0,-1,1
10595,10595,1503683177323,6,3,2,-2,1,-2,0,-3
10596,10596,1503683177336,-2,-3,-3,2,0,-2,0,2
10597,10597,1503683177337,3,-1,-1,-1,0,0,-1,-1
10598,10598,1503683177344,-5,-1,-3,2,0,-3,-2,-4
10599,10599,1503683177345,-5,-3,-2,-3,-1,-2,-1,-3
10600,10600,1503683177351,9,2,-3,-1,-2,-1,-2,2
10601,10601,1503683177352,-3,0,0,-1,1,-2,1,-1
10602,10602,1503683177367,-4,-2,-1,-1,-1,1,1,-1
10603,10603,1503683177374,-1,-2,-1,0,-3,0,-1,-1
10604,10604,1503683177382,-1,1,2,3,-2,-1,-4,-4
10605,10605,1503683177397,0,1,2,-2,-2,0,1,2
10606,10606,1503683177398,4,0,-1,0,-2,0,-1,1
10607,10607,1503683177404,8,3,-3,0,0,-1,-2,-3
10608,10608,1503683177411,-5,-3,-1,-2,-1,-2,-1,-1
10609,10609,1503683177427,-3,-2,-4,-2,0,-3,-1,1
10610,10610,1503683177434,-2,-1,0,-3,0,-1,1,0
10611,10611,1503683177442,-7,-4,-4,-2,0,-1,0,-2
10612,10612,1503683177457,2,3,4,3,0,-3,-1,-2
10613,10613,1503683177464,-5,-3,-2,-1,-1,-1,-1,-5
10614,10614,1503683177465,1,0,1,1,-1,-1,-1,-2
10615,10615,1503683177471,-2,2,1,-1,-1,-2,-2,-7
10616,10616,1503683177486,0,1,1,-1,-1,0,1,4
10617,10617,1503683177494,-3,-7,-4,-3,0,0,-1,1
10618,10618,1503683177502,5,-3,0,0,-2,0,0,0
11624,11624,1503683187394,7,-3,-2,-1,-1,-2,-4,-4
11625,11625,1503683187401,1,-7,-3,0,-1,0,0,-2
11626,11626,1503683187410,-4,3,-6,-3,-1,-1,1,-1
11627,11627,1503683187424,11,2,-1,-2,-1,0,1,-3
11628,11628,1503683187431,6,-7,-3,-1,0,-1,-2,0
11629,11629,1503683187440,-2,1,0,-1,-1,-1,-3,2
11630,11630,1503683187454,4,1,3,0,-1,-1,0,-1
11631,11631,1503683187461,-3,0,-2,-2,-3,0,0,-3
11632,11632,1503683187469,-4,-3,-1,0,-1,-1,-1,1
11633,11633,1503683187483,-1,-4,-1,-2,-1,-1,-2,-3
11634,11634,1503683187491,1,-12,-4,-4,-2,-1,-1,0
11635,11635,1503683187498,-8,-6,-1,0,1,-2,0,1
11636,11636,1503683187515,-7,0,1,1,0,-2,-4,-7
11637,11637,1503683187521,0,-1,-3,1,-2,0,-1,-1
11638,11638,1503683187529,6,-7,-4,-1,-3,0,0,4
11639,11639,1503683187544,-2,-5,-5,-2,-2,-2,-2,-3
11640,11640,1503683187551,-1,5,-1,-1,0,0,-1,-5
11641,11641,1503683187558,-2,1,1,1,1,0,0,1
11642,11642,1503683187574,-6,0,-3,-1,-1,1,1,5
11643,11643,1503683187581,-1,0,3,1,1,0,4,1
11644,11644,1503683187592,-5,2,1,0,-1,2,0,-3
11645,11645,1503683187603,0,-2,4,1,-1,1,1,3
11646,11646,1503683187614,1,1,-1,-2,1,-2,-2,0
11647,11647,1503683187619,7,-1,-1,-3,-2,0,0,-1
11648,11648,1503683187634,-2,-1,3,0,-1,0,0,-2
11649,11649,1503683187642,6,5,0,-2,-2,-1,-3,-4
11650,11650,1503683187649,-2,9,5,1,0,0,-1,-3
11651,11651,1503683187663,-3,3,0,0,2,-1,-2,-3
11652,11652,1503683187674,1,0,0,1,0,-1,-2,-1
11653,11653,1503683187679,0,-1,-4,-2,-2,-4,-1,0
11654,11654,1503683187693,-12,-5,-1,-1,-2,-3,2,-4
11655,11655,1503683187701,-7,-4,-3,-1,-1,0,-1,-2
11656,11656,1503683187709,6,3,0,-1,-2,-1,-1,1
11657,11657,1503683187724,10,3,1,1,0,-3,-3,-1
11658,11658,1503683187732,-3,-4,-1,-1,-1,-1,0,-2
11659,11659,1503683187742,-1,1,2,2,0,-1,2,1
11660,11660,1503683187754,-3,-1,-5,-2,0,-2,-3,-1
11661,11661,1503683187761,-1,-3,-5,-3,-1,-1,-2,-1
11662,11662,1503683187769,-3,-7,-2,-1,0,-2,0,-1
11663,11663,1503683187784,5,3,-3,-1,0,-1,-1,1
11664,11664,1503683187792,4,-1,-1,-2,-2,0,-2,1
11665,11665,1503683187799,-7,-2,-1,-2,-3,-1,-1,-3
11666,11666,1503683187814,1,-4,-1,-2,-3,-3,0,-1
11667,11667,1503683187821,-2,-1,-3,0,0,1,-1,-1
11668,11668,1503683187829,-13,-2,2,-1,0,0,0,1
11669,11669,1503683187844,-6,1,3,1,-2,0,-2,-3
11670,11670,1503683187851,4,2,0,2,0,1,1,0
11671,11671,1503683187858,1,-2,-1,-2,0,-1,-3,-4
11672,11672,1503683187875,4,1,0,1,0,-1,-2,0
11673,11673,1503683187881,-4,-4,-3,0,0,-1,0,0
11674,11674,1503683187889,6,-1,-2,-1,-2,-2,-1,-1
11675,11675,1503683187903,-1,-1,-1,-1,-1,0,0,-1
11676,11676,1503683187912,-1,2,3,1,2,2,-2,1
11677,11677,1503683187918,-3,-5,-2,-2,-2,-2,0,0
11678,11678,1503683187934,4,12,2,1,0,0,0,1
11679,11679,1503683187950,-6,1,0,0,1,-1,0,-3
11680,11680,1503683187951,-2,-8,0,1,-2,-2,1,-3
11681,11681,1503683187963,4,2,-1,-2,-3,-1,0,0
11682,11682,1503683187971,-6,2,0,-2,-1,-1,0,-2
11683,11683,1503683187979,4,2,3,0,1,0,1,3
11684,11684,1503683187994,-4,-4,-4,-1,-1,-2,-2,-1
11685,11685,1503683188001,-12,-7,-2,-3,3,1,-1,-4
11686,11686,1503683188009,-5,1,-1,-2,-1,1,0,2
11687,11687,1503683188023,0,0,-1,-1,-1,-1,-2,0
11688,11688,1503683188031,0,-5,-1,-1,-1,-1,-1,-1
12391,12391,1503683194923,-1,0,0,1,0,-1,0,2
12392,12392,1503683194930,0,-2,0,1,0,1,-2,-2
12393,12393,1503683194938,2,-3,-3,-1,0,0,1,3
12394,12394,1503683194939,1,2,1,0,1,0,-2,1
12395,12395,1503683194952,-2,-4,-4,-2,-2,-1,-4,-7
12396,12396,1503683194961,0,5,-1,-1,-1,-1,-1,0
12397,12397,1503683194968,3,3,4,0,-1,1,0,0
12398,12398,1503683194983,3,-7,-5,-2,-1,-1,-1,-1
12399,12399,1503683194991,-1,-3,-2,-3,-1,1,0,-1
12400,12400,1503683194999,-8,-2,-1,-3,-2,-1,-2,-2
12401,12401,1503683195012,13,5,-1,-1,1,0,2,4
12402,12402,1503683195013,-5,-2,-3,-1,0,-1,0,-1
12403,12403,1503683195021,-8,-3,-2,-2,-1,-1,-2,-7
12404,12404,1503683195028,-3,2,0,-1,-2,-3,-2,-3
12405,12405,1503683195044,-2,-2,-1,-1,-3,0,0,-2
12406,12406,1503683195051,-1,-3,-5,-1,-1,-1,-4,-1
12407,12407,1503683195058,0,1,0,0,-1,0,0,0
12408,12408,1503683195059,5,-3,0,-1,0,-2,0,0
12409,12409,1503683195072,4,-1,0,1,1,1,2,1
12410,12410,1503683195082,-5,0,0,0,-1,1,-1,0
12411,12411,1503683195088,4,3,-1,-2,0,-1,2,2
12412,12412,1503683195103,-2,-1,-1,0,0,-1,-1,-1
12413,12413,1503683195111,-3,-5,-2,-1,-4,-2,-1,-1
12414,12414,1503683195119,-1,1,-3,-2,0,0,1,0
12415,12415,1503683195132,-3,-6,-2,0,0,-2,-1,0
12416,12416,1503683195140,1,3,0,0,-1,-1,-1,0
12417,12417,1503683195141,-1,-4,-1,0,0,1,-2,-3
12418,12418,1503683195148,-1,2,0,-2,-3,-1,-1,-1
12419,12419,1503683195163,-1,-2,-2,-2,0,-3,-2,1
12420,12420,1503683195170,-3,-1,-3,-2,0,-2,-2,-5
12421,12421,1503683195179,2,-2,-3,-2,1,0,-3,2
12422,12422,1503683195192,1,-2,-3,-1,1,0,0,0
12423,12423,1503683195200,-4,19,17,3,2,1,0,0
12424,12424,1503683195208,1,6,3,1,0,-2,-2,-1
12425,12425,1503683195223,0,1,0,-1,-3,-2,0,0
12426,12426,1503683195230,0,3,2,0,0,0,2,1
12427,12427,1503683195238,0,0,-3,1,1,0,1,0
12428,12428,1503683195253,-4,-1,1,0,1,2,1,0
12429,12429,1503683195260,-3,-6,-3,-3,0,0,-2,-3
12430,12430,1503683195268,0,-2,-2,-2,-1,0,-1,-1
12431,12431,1503683195284,0,-5,-3,-2,-2,-1,1,-2
12432,12432,1503683195290,-4,-6,-3,-1,0,-1,-3,1
12433,12433,1503683195298,3,-4,0,1,0,0,1,1
12434,12434,1503683195299,1,7,-1,0,-2,-2,-2,-2
12435,12435,1503683195312,1,1,2,-1,-1,-3,-3,-3
12436,12436,1503683195323,-2,-5,-3,1,1,0,1,2
12437,12437,1503683195328,-9,-6,-2,-1,-2,-2,-1,0
12438,12438,1503683195345,-1,-5,-5,-3,-1,-2,-3,-2
12439,12439,1503683195351,-1,-1,-3,-2,-1,-1,-1,-2
12440,12440,1503683195359,-3,-2,1,1,-1,-2,0,-1
12441,12441,1503683195372,3,2,2,0,-1,-1,-2,-5
12442,12442,1503683195381,6,1,-2,-2,-1,-1,-3,-3
12443,12443,1503683195388,-1,-4,-1,0,-2,-2,-2,2
12444,12444,1503683195403,0,-3,5,2,0,-1,1,3
12445,12445,1503683195410,1,1,-2,0,-2,-2,-1,-1
12446,12446,1503683195419,-4,-5,-3,-3,-3,-1,0,1
12447,12447,1503683195432,4,0,-1,-1,-1,2,0,3
12448,12448,1503683195440,2,-5,-2,2,0,1,1,2
12449,12449,1503683195448,-1,1,-1,0,0,-1,0,-2
12450,12450,1503683195463,-6,-2,-5,-5,-2,1,-2,-4
12451,12451,1503683195470,-4,-7,-4,-4,1,-1,-4,1
13271,13271,1503683203532,0,-6,-1,0,-1,0,0,1
13272,13272,1503683203548,-6,-7,-3,-3,-3,-1,0,-6
13273,13273,1503683203555,1,-5,-1,0,0,-3,-3,-4
13274,13274,1503683203570,2,2,-1,-2,-2,0,2,3
13275,13275,1503683203571,-2,5,2,1,-1,-1,0,-1
13276,13276,1503683203587,-2,-1,-2,-1,-2,-1,-2,-2
13277,13277,1503683203593,1,5,2,1,3,1,1,-1
13278,13278,1503683203601,3,5,4,-2,-1,0,-1,1
13279,13279,1503683203615,3,3,2,0,0,0,-2,3
13280,13280,1503683203623,-2,-4,-2,0,0,0,-2,0
13281,13281,1503683203630,-2,-3,-1,0,-2,-2,-4,0
13282,13282,1503683203645,0,-2,-1,1,-2,-3,-5,-5
13283,13283,1503683203655,1,-1,0,-1,0,1,1,1
13284,13284,1503683203668,1,1,-1,0,0,0,1,2
13285,13285,1503683203682,-4,-3,-7,-3,-3,-2,-4,-6
13286,13286,1503683203684,0,-4,-1,-2,0,0,1,3
13287,13287,1503683203691,-2,5,2,-2,-2,-2,0,-2
13288,13288,1503683203705,1,-4,-4,-1,-1,-1,0,2
13289,13289,1503683203712,0,-3,0,0,0,-2,1,-2
13290,13290,1503683203721,0,4,-1,-1,1,1,2,0
13291,13291,1503683203735,-3,-9,-1,0,0,0,1,2
13292,13292,1503683203743,0,-4,-2,0,-1,0,-3,-4
13293,13293,1503683203750,3,4,-3,1,1,-1,1,2
13294,13294,1503683203765,-1,-1,0,-1,0,-1,-1,5
13295,13295,1503683203772,0,1,1,0,1,1,2,4
13296,13296,1503683203780,-1,0,-2,-1,-3,-3,-3,-2
13297,13297,1503683203797,-2,2,-3,-3,-5,-2,-2,-1
13298,13298,1503683203803,-2,-5,0,-2,1,-1,0,-4
13299,13299,1503683203810,-1,-3,-1,0,0,-1,-2,-4
13300,13300,1503683203825,-1,5,2,-3,-2,-1,-1,-2
13301,13301,1503683203833,-5,7,2,1,1,1,-1,-1
13302,13302,1503683203841,2,-3,0,0,-1,-1,0,0
13303,13303,1503683203856,1,-2,2,-3,-3,-1,-1,-1
13304,13304,1503683203863,0,-2,-3,1,1,0,1,1
13305,13305,1503683203870,1,-5,0,-2,1,-1,0,4
13306,13306,1503683203886,0,-1,0,0,-1,-1,-4,-7
13307,13307,1503683203893,-2,-2,-3,-1,-3,-1,0,-2
13308,13308,1503683203900,1,2,-1,-1,-2,-2,1,3
13309,13309,1503683203915,1,0,-2,-1,-1,0,-1,-2
13310,13310,1503683203923,-2,-4,-1,-2,-1,-2,-2,-4
13311,13311,1503683203930,-1,4,-1,-1,-1,-2,-1,-1
13312,13312,1503683203946,-3,-1,2,0,1,-2,-2,-3
13313,13313,1503683203955,-2,2,3,1,0,-1,-1,-4
13314,13314,1503683203961,4,10,5,-1,-2,1,1,4
13315,13315,1503683203975,-3,5,0,1,0,-2,-2,-4
13316,13316,1503683203983,-3,-6,-5,0,1,-3,-3,-2
13317,13317,1503683203991,2,1,-1,-2,-1,0,0,-1
13318,13318,1503683204005,0,-5,-2,-2,-3,-1,-2,-3
13319,13319,1503683204013,0,-3,-2,0,1,1,0,1
13320,13320,1503683204022,-2,-1,-3,-1,0,-1,2,0
13321,13321,1503683204035,0,-15,-3,-2,-2,-1,-2,-2
13322,13322,1503683204043,-3,1,-1,0,-1,-1,-1,-1
13323,13323,1503683204050,-2,1,-1,-2,-3,-1,-1,-2
13324,13324,1503683204066,-2,0,-3,-1,-1,0,-1,0
13325,13325,1503683204073,-2,-8,-6,0,-1,-1,-2,-5
13326,13326,1503683204081,-3,-1,-3,-2,-1,-1,-2,-4
13327,13327,1503683204096,1,4,1,-3,-1,0,1,1
13328,13328,1503683204103,3,-1,-1,-2,-1,2,1,0
13329,13329,1503683204110,0,-6,-1,-1,-2,-1,-2,-4
13330,13330,1503683204126,1,0,0,-3,-1,-1,-3,4
13331,13331,1503683204133,3,8,2,1,-1,-1,-1,3
13332,13332,1503683204141,0,3,0,1,-1,0,1,-1
13333,13333,1503683204155,1,3,2,1,1,-1,0,-2
13334,13334,1503683204164,-4,-1,-2,-2,-2,-4,0,-2
13335,13335,1503683204170,-1,2,2,2,0,-1,0,-1
13336,13336,1503683204186,-2,-9,-5,2,-1,1,-2,-2
13337,13337,1503683204193,0,-1,0,0,-2,1,-1,-1
13338,13338,1503683204207,-3,-3,1,-2,0,-3,-2,-4
13339,13339,1503683204215,-3,-2,-3,-4,-1,-3,-3,-3
13340,13340,1503683204224,4,3,0,-1,-2,1,1,3
13341,13341,1503683204238,-3,1,1,-1,1,-1,-1,-2
13342,13342,1503683204246,0,1,0,1,0,-1,-2,1
13343,13343,1503683204253,-2,-3,-3,0,-2,0,-1,-1
13344,13344,1503683204267,1,2,0,-2,0,-1,-1,1
14554,14554,1503683216086,-2,-7,-3,-2,-2,-3,-4,-6
14555,14555,1503683216095,-4,-15,-7,-2,-2,-2,-1,4
14556,14556,1503683216102,-4,-6,-2,0,0,0,-2,-3
14557,14557,1503683216117,2,-5,-2,1,-1,1,-1,0
14558,14558,1503683216125,0,0,3,0,-2,-2,0,-3
14559,14559,1503683216132,-1,1,1,-1,-1,-3,1,2
14560,14560,1503683216146,-3,-4,-4,-1,2,-1,-3,-4
14561,14561,1503683216155,0,0,-2,-2,-2,-1,0,-2
14562,14562,1503683216162,-2,-3,-3,-2,-3,0,-1,1
14563,14563,1503683216177,-1,1,1,1,0,0,-2,-2
14564,14564,1503683216185,-3,4,2,-4,-1,-1,-3,-1
14565,14565,1503683216193,0,-3,0,-1,0,-1,-1,0
14566,14566,1503683216206,0,-10,-4,0,-1,-2,-1,-3
14567,14567,1503683216217,0,0,-2,-2,-2,-2,0,1
14568,14568,1503683216222,-2,-6,-4,-1,-2,-2,-1,-5
14569,14569,1503683216237,-1,-1,2,0,-1,0,1,-2
14570,14570,1503683216244,-3,-1,-3,0,-2,-1,1,0
14571,14571,1503683216253,-2,2,-3,0,-1,1,1,3
14572,14572,1503683216266,-3,0,1,-1,0,0,0,1
14573,14573,1503683216274,-5,7,-2,-3,-1,0,-3,-7
14574,14574,1503683216283,1,0,-1,-2,-1,-2,-2,-1
14575,14575,1503683216304,1,-8,-1,-3,-1,-4,0,3
14576,14576,1503683216305,1,0,-2,1,0,-2,-2,1
14577,14577,1503683216320,-2,-3,0,2,-2,1,-3,-5
14578,14578,1503683216326,0,0,0,-2,0,-2,0,0
14579,14579,1503683216335,-3,-11,-1,-2,-1,1,1,0
14580,14580,1503683216350,2,0,-1,-2,-2,-1,0,1
14581,14581,1503683216357,0,4,0,0,-1,-1,1,0
14582,14582,1503683216371,0,0,2,-1,1,-1,2,2
14583,14583,1503683216380,1,-4,-1,-1,-1,0,0,1
14584,14584,1503683216387,-2,10,4,2,-1,1,1,-2
14585,14585,1503683216395,0,10,0,0,-2,-2,0,1
14586,14586,1503683216409,-3,-7,-1,1,-1,1,0,-1
14587,14587,1503683216418,1,-9,-6,-3,-1,1,0,2
14588,14588,1503683216425,-3,0,-1,-1,-2,-1,-2,-3
14589,14589,1503683216440,-1,3,1,0,-1,-2,-2,-5
14590,14590,1503683216446,-1,-4,-1,-1,0,0,-2,-2
14591,14591,1503683216458,-1,-1,-2,-1,0,0,-2,-1
14592,14592,1503683216469,-1,-4,-3,-1,-1,-2,-2,0
14593,14593,1503683216477,-3,-2,-2,-1,0,0,0,-2
14594,14594,1503683216485,0,-15,-3,-2,0,-2,-2,-2
14595,14595,1503683216500,-1,-7,-2,-3,-3,-1,-3,-2
14596,14596,1503683216506,1,2,0,-1,0,0,1,2
14597,14597,1503683216514,-2,-3,-2,-2,-1,-3,-3,-2
14598,14598,1503683216529,0,-2,-4,1,-3,1,0,0
14599,14599,1503683216537,1,-14,-4,-1,-3,-3,-3,-4
14600,14600,1503683216544,-8,7,3,-1,-1,-1,-1,-5
14601,14601,1503683216559,0,3,1,-1,0,1,0,0
14602,14602,1503683216566,1,3,-2,1,-1,-1,-3,0
14603,14603,1503683216574,0,6,0,-1,-1,-2,-3,-4
14604,14604,1503683216591,-1,-1,-1,-4,-1,0,0,-2
14605,14605,1503683216597,2,-6,1,2,1,0,0,0
14606,14606,1503683216604,3,4,1,1,1,1,4,6
14607,14607,1503683216620,-5,3,4,2,2,0,1,-4
14608,14608,1503683216627,-2,-2,-2,0,-3,0,0,2
14609,14609,1503683216636,1,0,-1,-1,0,1,3,6
14610,14610,1503683216652,4,6,11,2,1,-2,1,2
14611,14611,1503683216658,-3,0,-3,0,-1,-1,-2,-2
14612,14612,1503683216665,-5,-4,-5,-2,-2,-2,-3,-9
14613,14613,1503683216679,2,-3,0,0,-1,-1,3,5
14614,14614,1503683216680,-4,-4,-2,-1,-2,-2,0,-1
15311,15311,1503683223320,-6,-5,-1,-2,0,-3,-3,-1
15312,15312,1503683223324,1,3,3,0,0,-3,-2,-1
15313,15313,1503683223325,-3,-7,-5,-2,0,-1,-1,-3
15314,15314,1503683223332,4,5,-1,0,0,-2,-1,-1
15315,15315,1503683223347,1,-5,-3,-1,0,-1,-2,0
15316,15316,1503683223355,-4,-7,0,0,0,0,0,-1
15317,15317,1503683223356,0,0,-4,-2,-1,-1,0,-3
15318,15318,1503683223362,-4,-2,0,1,-1,-2,-2,1
15319,15319,1503683223378,-5,-3,6,2,1,0,3,2
15320,15320,1503683223386,-8,1,1,-2,-1,-1,2,-3
15321,15321,1503683223400,-1,0,1,-1,-2,0,-1,3
15322,15322,1503683223407,1,-1,2,0,0,0,-1,-2
15323,15323,1503683223421,0,5,-2,-1,-2,-2,-4,-4
15324,15324,1503683223423,3,3,-1,-2,-1,-1,-1,-1
15325,15325,1503683223437,5,6,3,-1,-1,-1,-3,-2
15326,15326,1503683223444,0,-1,-2,-2,0,-1,-2,-3
15327,15327,1503683223460,-2,-2,-2,-3,-1,-1,-2,-3
15328,15328,1503683223467,0,-9,-3,-1,0,-1,0,0
15329,15329,1503683223475,0,8,5,0,0,-1,-1,-1
15330,15330,1503683223482,0,0,-2,-1,-1,0,0,1
15331,15331,1503683223497,-2,-11,-6,-2,-3,-2,-1,-2
15332,15332,1503683223504,-3,-3,1,2,-3,-1,-1,-2
15333,15333,1503683223520,1,-3,-5,0,0,0,0,-1
15334,15334,1503683223528,-3,2,7,0,-2,-1,-2,-2
15335,15335,1503683223529,1,-1,-2,-2,-1,0,1,2
15336,15336,1503683223535,2,-6,-2,-1,-1,0,0,1
15337,15337,1503683223542,-4,-5,-4,-3,-1,-3,-3,-6
15338,15338,1503683223557,-2,-3,-4,-3,-3,-2,-2,-2
15339,15339,1503683223558,0,4,-1,-1,-1,-1,2,3
15340,15340,1503683223564,-4,-1,-1,1,-2,-2,-1,-1
15341,15341,1503683223580,2,-10,-5,-5,-2,-2,-3,-1
15342,15342,1503683223588,1,-5,-4,-1,-1,-2,-3,-1
15343,15343,1503683223596,1,1,-1,-1,0,0,-2,-2
15344,15344,1503683223602,0,1,1,1,-1,0,-2,-6
15345,15345,1503683223619,-4,0,-1,-1,-1,-1,2,-1
15346,15346,1503683223625,-2,7,2,0,-1,2,0,1
15347,15347,1503683223640,0,-1,-1,-1,-1,0,0,-1
15348,15348,1503683223647,-2,-4,-3,-2,-2,0,-1,2
15349,15349,1503683223655,-2,3,3,0,2,0,1,3
15350,15350,1503683223662,-1,-7,-6,-2,-2,-2,-2,-2
15351,15351,1503683223663,1,-4,-3,-2,-1,-1,-1,2
15352,15352,1503683223678,1,7,-1,1,0,2,-1,0
15353,15353,1503683223685,2,0,-3,0,1,-2,0,-4
15354,15354,1503683223700,-2,2,2,-1,0,-3,-3,-3
15355,15355,1503683223707,4,17,8,3,2,1,2,-1
15356,15356,1503683223715,-9,-7,0,-2,-1,0,0,-5
15357,15357,1503683223722,4,-4,-2,-4,-3,-1,-2,4
15358,15358,1503683223737,1,15,7,3,1,0,-1,-3
15359,15359,1503683223744,0,-3,-1,-1,-2,0,-1,-3
15360,15360,1503683223762,-2,-7,-5,-1,0,-2,1,2
15361,15361,1503683223767,-1,2,1,-1,0,-1,-1,3
15362,15362,1503683223775,2,-3,-1,0,-2,-1,-3,-3
15363,15363,1503683223789,-5,-1,-3,-2,0,0,-1,-2
15364,15364,1503683223790,2,1,3,1,1,1,0,0
15365,15365,1503683223798,-1,-12,-5,-1,0,1,3,1
15366,15366,1503683223804,-4,-2,2,-2,-1,-1,0,-1
15367,15367,1503683223822,1,6,2,0,-1,1,1,2
15368,15368,1503683223827,-2,0,-5,0,0,-1,-3,-4
15369,15369,1503683223835,-7,-9,-5,-2,-2,-1,-1,-1
15370,15370,1503683223849,2,-3,-1,-1,-1,1,1,1
15371,15371,1503683223858,-1,-3,-3,-1,-1,-2,-3,-4
15372,15372,1503683223864,5,4,7,-1,0,0,1,2
15373,15373,1503683223880,6,3,1,1,1,-2,-1,1
15374,15374,1503683223889,-5,-9,-2,-2,-1,1,-2,1
16191,16191,1503683231866,-1,-1,2,-1,1,-2,-2,1
16192,16192,1503683231874,1,-2,-3,-3,-2,-3,0,-1
16193,16193,1503683231889,-6,2,1,1,2,0,0,0
16194,16194,1503683231896,-1,2,-2,0,0,-1,-1,-1
16195,16195,1503683231904,-4,-2,1,-2,-1,0,-2,-5
16196,16196,1503683231918,1,0,-3,-3,-1,1,-1,1
16197,16197,1503683231928,5,5,0,0,0,1,2,3
16198,16198,1503683231934,1,1,4,5,1,0,-2,0
16199,16199,1503683231949,2,-4,-2,-1,-3,0,1,1
16200,16200,1503683231956,-2,-3,0,-5,-2,-2,-1,-1
16201,16201,1503683231964,1,0,-2,-2,0,-1,-1,-1
16202,16202,1503683231978,-5,-8,-2,-1,-1,1,0,-1
16203,16203,1503683231986,0,-1,-2,-2,-2,0,-2,-2
16204,16204,1503683231997,2,1,-1,-1,-1,1,2,3
16205,16205,1503683232009,-2,1,0,0,-1,0,-2,2
16206,16206,1503683232016,3,0,-2,0,-2,-2,-3,-2
16207,16207,1503683232024,-8,-4,-4,-3,-4,0,0,-4
16208,16208,1503683232039,-6,-2,0,-3,0,-3,-1,-2
16209,16209,1503683232046,4,0,2,0,1,1,-2,-3
16210,16210,1503683232054,0,6,0,1,-1,0,0,1
16211,16211,1503683232069,-3,-4,-4,-3,-1,-3,-3,0
16212,16212,1503683232076,3,5,0,1,-1,1,1,-2
16213,16213,1503683232084,0,1,-3,-1,-3,0,1,2
16214,16214,1503683232098,-9,-6,-2,0,0,-2,-3,-5
16215,16215,1503683232106,-3,-6,-5,-1,0,1,1,0
16216,16216,1503683232107,-4,-1,1,1,2,-1,-1,-3
16217,16217,1503683232114,-3,-1,1,0,0,0,-1,1
16218,16218,1503683232130,5,2,-1,0,0,-2,0,-3
16219,16219,1503683232136,2,0,3,-1,-2,-2,-2,-1
16220,16220,1503683232145,2,3,-3,0,-1,0,0,3
16221,16221,1503683232158,-1,-5,-4,-3,-3,-2,-2,-3
16222,16222,1503683232168,9,1,-2,-3,-2,0,0,1
16223,16223,1503683232181,-4,-3,-1,1,-1,-1,-3,-6
16224,16224,1503683232189,-5,-4,1,-2,-3,-1,-5,-2
16225,16225,1503683232197,7,3,-2,-1,0,1,2,3
16226,16226,1503683232211,-3,-5,-1,-1,-1,-1,-1,-4
16227,16227,1503683232218,-6,-2,-4,-2,-1,-1,-1,-1
16228,16228,1503683232226,-4,1,0,0,-1,0,0,0
16229,16229,1503683232241,1,1,0,1,0,0,1,0
16230,16230,1503683232249,-1,-2,-1,-1,-1,-2,0,3
16231,16231,1503683232256,8,1,2,-1,-1,1,-1,3
16232,16232,1503683232272,1,4,0,-1,0,-1,-1,0
16233,16233,1503683232278,-8,-6,-3,-3,-1,-1,-3,-2
16234,16234,1503683232287,3,0,-2,-2,-2,-1,-2,-1
16235,16235,1503683232302,1,-3,-2,-1,0,-1,-1,-2
16236,16236,1503683232309,-5,-3,-2,-2,-1,-1,-2,-1
16237,16237,1503683232316,-6,-1,-1,-1,-3,-3,0,-3
16238,16238,1503683232332,-2,-3,-3,-1,0,-2,1,-1
16239,16239,1503683232339,1,-2,-1,-1,-1,-1,1,1
16240,16240,1503683232346,-1,1,-1,0,-1,-1,1,-5
16241,16241,1503683232364,-1,-1,-5,0,1,-1,-1,-2
16242,16242,1503683232370,2,-4,-2,-1,0,-1,-2,-1
16243,16243,1503683232377,-3,-1,-3,-2,-1,0,-2,-4
16244,16244,1503683232391,-3,-1,-2,-4,-3,-3,-2,-3
16245,16245,1503683232398,-4,-3,-1,0,0,-1,-1,-2
16246,16246,1503683232406,-1,0,3,3,0,0,0,1
16247,16247,1503683232421,-2,-2,0,-1,1,1,2,-1
16248,16248,1503683232438,-3,0,1,1,0,-1,0,-1
16249,16249,1503683232439,2,-4,-1,-3,-2,-1,0,3
16250,16250,1503683232451,-4,-3,0,3,-2,1,-1,-3
16251,16251,1503683232458,-2,2,1,-1,-2,-2,-3,-4
16252,16252,1503683232467,2,1,-2,0,-2,-4,-1,-1
16253,16253,1503683232481,0,0,2,-1,-1,-1,-1,1
16254,16254,1503683232489,-1,0,0,-1,1,1,1,1
16954,16954,1503683239269,-3,-4,-4,-2,-1,-2,-2,-1
16955,16955,1503683239276,6,4,-2,-3,-1,-2,0,3
16956,16956,1503683239292,0,-2,-2,-1,1,-1,1,1
16957,16957,1503683239300,0,3,1,0,0,0,-1,-4
16958,16958,1503683239308,-3,-3,-6,-1,-4,-2,-2,0
16959,16959,1503683239313,0,6,1,-1,0,-1,0,0
16960,16960,1503683239333,-3,-1,2,0,-1,-1,1,0
16961,16961,1503683239336,-1,4,0,0,-1,-1,0,-2
16962,16962,1503683239352,0,3,0,1,-1,1,-1,0
16963,16963,1503683239358,-1,-5,-2,0,-1,0,0,-2
16964,16964,1503683239374,2,1,0,0,2,2,0,-2
16965,16965,1503683239375,0,-5,0,-2,-1,1,-1,-3
16966,16966,1503683239389,-4,-7,-1,0,0,-1,-2,-3
16967,16967,1503683239399,-7,12,3,-2,0,-2,-2,-4
16968,16968,1503683239412,-3,0,0,0,-1,-2,0,2
16969,16969,1503683239418,1,-7,-3,0,-3,-1,-2,1
16970,16970,1503683239427,2,-1,-1,0,-1,0,0,1
16971,16971,1503683239434,-3,-2,1,-1,0,-2,-2,-3
16972,16972,1503683239449,-2,-1,0,-2,-2,1,1,-2
16973,16973,1503683239456,0,1,2,0,3,1,1,1
16974,16974,1503683239472,-3,-1,-1,-1,0,-2,-3,-6
16975,16975,1503683239480,-3,-2,0,0,-1,1,1,1
16976,16976,1503683239486,0,-1,1,0,0,1,-4,-4
16977,16977,1503683239493,-1,-5,-3,1,-1,0,-1,-1
16978,16978,1503683239509,2,4,3,2,-1,-1,0,5
16979,16979,1503683239516,-4,1,-2,-1,-2,-2,0,-3
16980,16980,1503683239534,1,-3,-3,-2,0,0,0,5
16981,16981,1503683239539,3,-4,1,3,0,0,-1,1
16982,16982,1503683239547,-1,-3,3,1,0,-2,1,-1
16983,16983,1503683239554,0,-1,1,-2,-1,0,0,-2
16984,16984,1503683239569,-1,1,-1,1,-1,-1,-1,-4
16985,16985,1503683239576,-1,-2,-2,-2,-1,-2,0,-1
16986,16986,1503683239592,-1,3,-1,-3,-1,-2,0,2
16987,16987,1503683239600,-4,-4,-2,-4,0,-2,-3,-3
16988,16988,1503683239608,0,-4,-4,2,1,1,0,0
16989,16989,1503683239614,0,-3,-3,2,-2,-1,1,1
16990,16990,1503683239630,-3,-2,-2,-4,-2,-1,-2,-4
16991,16991,1503683239637,1,-5,-7,-4,-1,-3,-3,0
16992,16992,1503683239652,0,-1,0,0,1,0,-2,1
16993,16993,1503683239658,-2,5,2,-2,-3,-3,-1,-3
16994,16994,1503683239667,1,0,0,-1,-2,-1,0,2
16995,16995,1503683239681,-1,0,-1,-2,1,0,1,-1
16996,16996,1503683239689,0,0,1,0,-3,-1,1,0
16997,16997,1503683239696,0,-3,3,-1,0,0,-2,1
16998,16998,1503683239711,-5,-13,-7,-1,-1,1,-3,-5
16999,16999,1503683239718,1,-2,-3,-3,-1,0,-1,1
17000,17000,1503683239726,-3,0,0,-1,-1,-2,-1,-3
17001,17001,1503683239742,-1,-4,-2,-1,-1,1,0,-5
17002,17002,1503683239749,3,3,0,-1,0,0,-1,0
17003,17003,1503683239756,-2,-1,-4,-2,-1,-1,-2,1
17004,17004,1503683239772,-1,-2,-5,-3,-2,0,-1,-2
17005,17005,1503683239779,-2,2,2,2,-1,0,0,-1
17006,17006,1503683239786,0,0,1,0,3,1,-2,5
17007,17007,1503683239801,-1,2,0,-1,-1,-1,-2,2
17008,17008,1503683239810,1,4,1,-2,-2,-1,-1,0
17009,17009,1503683239816,-1,-5,-2,0,-2,0,-2,-1
17010,17010,1503683239831,0,-3,-1,1,-2,1,1,0
17011,17011,1503683239832,0,9,5,2,2,-3,0,0
17012,17012,1503683239839,2,-2,-2,1,-1,1,1,2
17013,17013,1503683239847,-2,-1,-3,-5,-3,-1,-3,-6
17014,17014,1503683239861,-1,-4,-2,-1,-1,-2,-2,-3
17015,17015,1503683239869,-2,-4,-3,1,-2,-1,-2,-2
17016,17016,1503683239877,0,-3,-1,0,0,-1,-1,-3
17017,17017,1503683239891,-1,2,0,-1,-1,-1,-1,-3
17018,17018,1503683239901,-1,-10,1,0,-1,-3,0,2
17019,17019,1503683239907,0,2,0,0,0,-1,-1,-3
17020,17020,1503683239921,-3,1,-2,-1,0,-1,0,-3
17021,17021,1503683239929,1,-3,1,-1,-2,0,1,5
17022,17022,1503683239937,6,5,0,-1,-1,-2,-2,1
17023,17023,1503683239951,-1,6,-3,-3,-2,-4,-3,-2
17024,17024,1503683239959,-1,1,-3,-3,-3,0,-1,-2
17025,17025,1503683239969,2,-4,-2,3,-1,1,-1,1
17026,17026,1503683239981,-4,2,0,1,0,0,0,-2
17027,17027,1503683239989,0,-4,-1,0,0,0,1,1
17028,17028,1503683239996,0,-2,-3,0,2,-2,0,-1
17029,17029,1503683240012,-1,3,0,0,0,0,-1,-1
17030,17030,1503683240019,2,1,1,-2,-3,-1,-3,2
17031,17031,1503683240026,2,-2,-2,-1,-3,0,-2,-1
17032,17032,1503683240041,1,2,2,2,0,0,1,1
17033,17033,1503683240049,-2,3,-2,-4,-3,-1,-1,-1
17034,17034,1503683240057,-4,-1,0,-3,0,-2,-1,-3
17035,17035,1503683240072,-6,-1,0,-3,1,-2,-2,-4
17036,17036,1503683240079,0,0,0,1,1,1,0,-4
17037,17037,1503683240086,4,0,-2,-2,-3,0,0,2
17038,17038,1503683240087,1,-2,-2,1,0,1,3,3
17039,17039,1503683240102,-2,-1,-1,-1,0,-1,0,2
17040,17040,1503683240109,-4,-5,0,-2,1,-1,-2,1
17041,17041,1503683240116,2,0,1,2,0,1,2,3
17042,17042,1503683240132,0,0,2,-1,0,-2,1,-1
17043,17043,1503683240139,-2,-1,-4,-2,-1,0,-2,-3
17044,17044,1503683240146,0,-2,-1,1,-2,-1,0,-3
17631,17631,1503683245823,6,-11,-7,-3,-1,-2,-2,-3
17632,17632,1503683245832,4,0,-2,-4,-2,-1,-1,1
17633,17633,1503683245846,-5,1,3,0,-1,-1,-2,-2
17634,17634,1503683245854,5,-1,2,-1,0,-1,-3,2
17635,17635,1503683245861,-1,-3,3,3,7,-2,-1,-1
17636,17636,1503683245876,1,3,-6,10,9,1,0,0
17637,17637,1503683245883,-2,2,-1,0,0,0,0,4
17638,17638,1503683245891,2,-1,-1,-3,-3,0,-1,-1
17639,17639,1503683245906,0,4,1,2,1,-2,-2,1
17640,17640,1503683245914,0,-5,-4,-3,-2,0,1,1
17641,17641,1503683245921,-1,2,0,-5,-5,0,1,-4
17642,17642,1503683245936,1,0,-1,-3,-4,-2,-3,-3
17643,17643,1503683245943,-1,0,3,2,4,0,-1,-1
17644,17644,1503683245951,-4,-5,-3,0,0,1,0,-1
17645,17645,1503683245971,-1,-1,0,-1,-4,-1,1,2
17646,17646,1503683245974,1,0,1,-4,-10,0,-1,1
17647,17647,1503683245981,3,-2,-3,1,5,-2,-1,-5
17648,17648,1503683245999,-14,0,-1,7,9,1,-1,-1
17649,17649,1503683246003,-4,0,-1,-8,-7,-2,-1,3
17650,17650,1503683246011,-1,0,3,6,5,-1,0,-4
17651,17651,1503683246026,-2,-1,-2,-3,-3,-1,1,-1
17652,17652,1503683246034,2,0,-1,-4,-3,-2,1,3
17653,17653,1503683246041,-3,0,1,0,-3,0,-2,-4
17654,17654,1503683246057,2,1,-1,1,-1,-1,-1,2
17655,17655,1503683246058,-2,-2,-3,-2,-1,-1,-2,-3
17656,17656,1503683246066,-5,-1,-2,-1,-4,-2,-1,-2
17657,17657,1503683246071,1,2,0,0,2,0,-1,-2
17658,17658,1503683246086,0,2,2,4,1,0,-2,-1
17659,17659,1503683246094,4,-2,-1,-5,-2,-1,0,2
17660,17660,1503683246101,-1,-2,-4,-3,19,43,0,0
17661,17661,1503683246116,-4,-6,-5,-5,-56,-36,1,3
17662,17662,1503683246123,2,2,-1,4,21,2,1,1
17663,17663,1503683246133,-2,-2,-2,-1,18,6,0,0
17664,17664,1503683246146,2,-1,0,2,-12,-17,-1,-1
17665,17665,1503683246154,-2,2,-2,-3,-16,-10,-5,-6
17666,17666,1503683246168,-2,1,2,2,3,2,-4,-6
17667,17667,1503683246176,2,1,2,0,4,8,0,2
17668,17668,1503683246183,-1,2,0,1,-2,-5,3,2
17669,17669,1503683246199,-6,-3,-3,-3,9,6,-4,-8
17670,17670,1503683246206,1,0,-3,-11,-39,-14,0,1
17671,17671,1503683246214,3,2,4,12,26,17,2,7
17672,17672,1503683246228,2,-1,-3,6,-2,-5,-8,-8
17673,17673,1503683246237,-1,-3,-2,-7,-2,1,-1,-2
17674,17674,1503683246243,-3,-2,1,0,1,-2,0,4
17675,17675,1503683246259,-6,-3,-3,1,0,-3,-2,-7
17676,17676,1503683246268,2,3,0,-3,3,-2,0,0
17677,17677,1503683246276,-4,-2,-3,-5,-3,0,0,2
17678,17678,1503683246288,5,5,1,-2,1,-2,-2,1
17679,17679,1503683246296,0,-4,-3,-1,-3,0,-4,-2
17680,17680,1503683246303,13,-5,1,5,0,-3,2,-1
17681,17681,1503683246318,2,0,4,3,3,0,-1,1
17682,17682,1503683246326,-16,-7,-3,-2,-1,0,2,0
17683,17683,1503683246334,4,0,1,3,0,1,1,0
17684,17684,1503683246348,1,1,2,-1,0,-1,0,1
17685,17685,1503683246357,-7,-1,-3,-2,-1,-1,1,-1
17686,17686,1503683246363,-1,-3,-3,-3,-2,-3,-3,-2
17687,17687,1503683246385,3,0,1,-1,1,0,0,0
17688,17688,1503683246386,0,-1,-1,-1,-2,0,-1,0
17689,17689,1503683246394,3,2,-2,-2,-2,1,1,2
17690,17690,1503683246409,-4,-4,-6,-4,-2,-4,-4,3
17691,17691,1503683246417,3,-1,-4,-1,-1,-2,-3,0
17692,17692,1503683246423,-8,-1,0,-1,0,-1,-2,-2
17693,17693,1503683246438,-3,-4,-2,-1,-1,-1,0,1
17694,17694,1503683246439,-1,0,0,-1,1,-3,-1,2
17695,17695,1503683246446,3,-1,0,2,0,-1,0,2
17696,17696,1503683246454,-5,0,2,-1,1,3,0,-3
17697,17697,1503683246469,-1,-1,0,1,-1,0,1,2
17698,17698,1503683246477,0,1,-3,-1,-3,-2,-5,-5
18484,18484,1503683254073,-3,-1,1,1,0,0,-2,-5
18485,18485,1503683254088,-3,-2,-2,-1,-1,-2,0,-2
18486,18486,1503683254095,-8,-15,-1,-1,-2,-1,-1,2
18487,18487,1503683254105,-3,0,2,1,-1,-3,-2,0
18488,18488,1503683254117,1,3,0,1,1,0,1,-1
18489,18489,1503683254127,-1,-2,-1,0,-2,-1,-1,-3
18490,18490,1503683254133,-2,-4,-3,-1,0,-2,-1,-3
18491,18491,1503683254149,-1,3,2,-1,-1,-1,0,1
18492,18492,1503683254155,0,29,10,-2,-1,-3,-4,-2
18493,18493,1503683254163,-1,-1,-2,1,-2,-1,0,-2
18494,18494,1503683254178,-3,-8,-3,0,0,1,-1,-2
18495,18495,1503683254179,1,-1,-3,-1,-2,1,0,2
18496,18496,1503683254185,-6,-9,0,1,-1,-1,-1,-3
18497,18497,1503683254193,2,0,0,0,0,-1,-1,-1
18498,18498,1503683254208,-1,0,-2,-1,-1,-1,-2,-3
18499,18499,1503683254215,-1,-6,-3,-2,0,0,1,1
18500,18500,1503683254223,2,-3,3,1,3,-1,-3,1
18501,18501,1503683254240,3,-4,2,-1,-3,1,2,1
18502,18502,1503683254245,-2,0,-3,-1,-2,-2,0,-2
18503,18503,1503683254253,-2,4,-3,-1,0,-3,-3,-2
18504,18504,1503683254268,2,-7,-6,-4,-2,0,-1,0
18505,18505,1503683254276,-3,-11,-10,-3,-3,-3,-1,1
18506,18506,1503683254283,2,1,3,-1,1,1,0,-1
18507,18507,1503683254297,-4,-1,-2,-4,-2,0,-1,-1
18508,18508,1503683254307,-1,-2,-2,1,0,0,1,2
18509,18509,1503683254313,-1,-1,1,2,1,-2,1,0
18510,18510,1503683254328,-5,-5,-3,0,0,-2,-2,-4
18511,18511,1503683254335,-1,-7,-3,0,-2,0,0,0
18512,18512,1503683254343,3,7,2,-2,0,-1,-1,-1
18513,18513,1503683254357,-4,-10,-1,1,-1,-1,-2,-1
18514,18514,1503683254365,0,1,0,0,-1,0,-1,0
18515,18515,1503683254374,3,8,3,1,1,1,0,-1
18516,18516,1503683254388,-1,-2,-2,-2,-2,-1,-2,0
18517,18517,1503683254394,-3,-14,-2,0,0,0,-1,2
18518,18518,1503683254395,-1,9,5,1,0,0,-3,-1
18519,18519,1503683254403,1,-7,-2,-4,-1,0,-2,1
18520,18520,1503683254417,1,9,3,-1,0,2,-1,-3
18521,18521,1503683254418,-2,-7,-8,-4,-3,-1,-3,-2
18522,18522,1503683254425,-3,5,3,2,-2,-2,-1,-3
18523,18523,1503683254433,-8,-6,-3,-2,-2,-4,-3,-3
18524,18524,1503683254448,-6,-7,-1,-1,-1,-1,-1,-2
18525,18525,1503683254455,2,6,0,0,-1,-1,1,1
18526,18526,1503683254463,-1,3,-2,-2,-1,-1,3,-2
18527,18527,1503683254477,-2,-6,1,-1,-2,-1,-2,-4
18528,18528,1503683254486,-2,-1,-4,-3,-2,0,-2,-2
18529,18529,1503683254493,0,0,2,0,0,-2,-2,-1
18530,18530,1503683254508,-3,2,0,-1,-2,1,1,1
18531,18531,1503683254515,0,-11,-1,0,1,0,-1,0
18532,18532,1503683254523,0,1,0,0,1,-1,0,1
18533,18533,1503683254537,0,4,0,-1,0,-1,-2,1
18534,18534,1503683254545,-1,-11,-1,1,-1,-2,-3,2
18535,18535,1503683254546,1,2,2,1,-2,-1,-1,0
18536,18536,1503683254560,1,0,3,-1,0,0,3,2
18537,18537,1503683254568,-3,2,0,1,-2,-2,-3,-3
18538,18538,1503683254576,2,4,0,2,0,0,1,1
18539,18539,1503683254591,6,-3,-3,0,1,2,3,3
18540,18540,1503683254597,1,-3,0,-3,0,-2,0,-1
18541,18541,1503683254606,-6,-10,-2,-1,0,-1,-2,-6
19417,19417,1503683263080,0,5,0,0,-1,0,0,-4
19418,19418,1503683263088,1,0,1,1,-1,1,2,-1
19419,19419,1503683263102,-1,0,-4,-2,0,0,1,5
19420,19420,1503683263110,1,-3,0,-5,-2,-1,-2,0
19421,19421,1503683263118,-1,-4,-2,-1,0,-3,0,-3
19422,19422,1503683263133,-2,-3,0,-1,-1,-1,-1,-1
19423,19423,1503683263140,0,-4,1,0,1,0,0,1
19424,19424,1503683263150,3,2,-1,1,0,-1,1,3
19425,19425,1503683263162,0,2,2,0,-1,0,-1,-1
19426,19426,1503683263170,-3,-2,0,-1,-2,0,-2,-5
19427,19427,1503683263177,-2,1,-3,0,-3,-1,-3,0
19428,19428,1503683263194,-1,-2,-1,0,1,-1,-1,0
19429,19429,1503683263200,-5,-2,-1,0,0,-2,-1,-6
19430,19430,1503683263208,1,2,-2,0,0,0,0,1
19431,19431,1503683263223,0,-1,0,-1,1,0,-2,2
19432,19432,1503683263230,-3,0,1,0,2,-1,0,-2
19433,19433,1503683263237,1,1,-1,1,-2,-2,-4,-2
19434,19434,1503683263253,1,-1,-2,-3,-1,0,-2,-3
19435,19435,1503683263260,-3,-1,0,-3,2,-2,0,1
19436,19436,1503683263268,2,1,1,0,0,-2,0,1
19437,19437,1503683263282,0,-3,-1,0,-1,1,1,4
19438,19438,1503683263292,0,0,-1,-1,-3,-1,-3,-1
19439,19439,1503683263297,0,1,2,1,0,-1,2,-1
19440,19440,1503683263312,-1,-4,-1,0,1,1,2,0
19441,19441,1503683263320,-4,1,-1,-2,0,-2,-1,-4
19442,19442,1503683263329,-1,-2,0,1,-1,-2,0,1
19443,19443,1503683263342,2,-1,-3,-1,-2,0,-1,0
19444,19444,1503683263352,-2,-1,2,-2,-2,0,-2,-5
19445,19445,1503683263358,1,-2,-2,-3,-3,-1,-2,0
19446,19446,1503683263372,1,1,-2,0,0,-2,1,3
19447,19447,1503683263380,-3,0,-1,-4,-1,-2,-1,0
19448,19448,1503683263396,-1,0,-1,-1,-2,-1,-2,-1
19449,19449,1503683263402,-1,-3,1,0,-1,-1,-2,-2
19450,19450,1503683263410,-3,-3,-2,2,0,0,-1,-3
19451,19451,1503683263419,1,-1,1,-1,0,-1,-2,-3
19452,19452,1503683263432,-2,-2,-3,-2,-1,-1,-1,-2
19453,19453,1503683263440,1,1,0,0,-1,0,1,-1
19454,19454,1503683263448,0,-2,-3,-3,-1,0,-4,-2
19455,19455,1503683263462,0,-2,-1,0,-1,0,0,-4
19456,19456,1503683263470,1,0,-1,0,-2,0,0,0
19457,19457,1503683263477,-2,-3,-4,-2,-3,-1,-2,3
19458,19458,1503683263493,1,4,-1,0,0,-1,-1,0
19459,19459,1503683263500,-4,-2,0,0,-1,-2,-1,-1
19460,19460,1503683263508,-3,1,3,-3,-1,-3,-1,-1
19461,19461,1503683263522,-1,2,0,-1,0,0,-1,-4
19462,19462,1503683263530,-2,-2,-4,-2,-3,-3,-4,-5
19463,19463,1503683263537,-1,0,1,3,1,1,-1,-1
19464,19464,1503683263553,-6,-3,-3,-4,0,-1,0,-1
19465,19465,1503683263560,-3,-2,-3,-2,0,-1,-3,-2
19466,19466,1503683263568,0,-2,-2,-1,-2,-1,-1,1
19467,19467,1503683263582,0,-1,1,0,-1,-1,-2,1
19468,19468,1503683263591,-2,-2,2,0,-2,1,1,-1
19469,19469,1503683263598,0,-1,-3,-1,-1,-4,-1,0
19470,19470,1503683263612,0,0,-3,0,-1,-1,-2,2
19471,19471,1503683263620,2,-1,-1,0,-1,2,1,2
19472,19472,1503683263629,-2,2,-2,-5,-2,-3,-4,-7
19473,19473,1503683263642,1,0,-1,-1,0,0,-1,-5
19474,19474,1503683263650,0,0,-3,0,0,-1,0,1
19475,19475,1503683263658,-1,-3,-3,-3,-2,-1,-3,0
19476,19476,1503683263672,4,4,4,-1,-1,0,1,2
19477,19477,1503683263688,2,3,1,-2,-1,-2,-1,1
19478,19478,1503683263689,-6,-6,-3,0,0,-1,-2,-2
19479,19479,1503683263702,1,4,-1,0,-1,-3,0,2
19480,19480,1503683263710,-3,-3,1,1,-1,0,-2,1
19481,19481,1503683263717,-3,-3,-1,2,1,-2,-1,-3
19482,19482,1503683263732,1,-2,0,0,0,-1,-2,-2
19483,19483,1503683263740,3,1,2,2,0,-1,-1,0
19484,19484,1503683263748,5,-1,-1,-1,0,-2,-3,-4
19485,19485,1503683263762,1,-1,-2,-2,-1,-3,0,1
19486,19486,1503683263770,-2,-2,1,0,2,1,0,1
19487,19487,1503683263777,-2,-1,-2,-3,0,-1,-1,-3
19488,19488,1503683263793,-1,2,-1,0,-2,-1,0,-1
19489,19489,1503683263800,-5,-3,0,-1,-2,0,0,0
19490,19490,1503683263808,-1,-1,-5,0,-1,-2,-2,0
19491,19491,1503683263822,-1,-1,0,-2,-2,1,-1,-3
19492,19492,1503683263830,1,-6,-3,-3,-1,-1,1,2
19493,19493,1503683263837,-1,1,3,0,-1,0,-1,-1
19494,19494,1503683263855,0,4,-1,0,0,-2,-2,-1
19495,19495,1503683263860,2,0,-2,0,1,-1,0,-1
19496,19496,1503683263875,0,-4,-1,0,-2,-1,-1,-1
19497,19497,1503683263882,5,1,0,-2,-1,-1,3,2
19498,19498,1503683263890,-5,-3,1,-3,-1,1,-3,-3
20374,20374,1503683272387,4,-1,-1,-1,1,-3,-1,2
20375,20375,1503683272397,1,-3,-3,0,1,-4,0,1
20376,20376,1503683272402,3,1,-2,0,1,0,-1,3
20377,20377,1503683272417,1,-1,-2,-2,0,-1,0,-2
20378,20378,1503683272425,-4,-3,1,0,0,2,0,1
20379,20379,1503683272433,-1,1,2,2,-1,1,-2,1
20380,20380,1503683272447,0,-4,-3,-4,-2,0,-2,-5
20381,20381,1503683272455,-1,2,-2,-1,-2,-1,0,-1
20382,20382,1503683272464,-1,-2,-1,0,-2,-3,1,-3
20383,20383,1503683272477,4,1,-3,-3,-3,-2,-2,-1
20384,20384,1503683272484,3,-3,-3,0,-1,0,-2,-2
20385,20385,1503683272493,-1,0,0,-2,-2,0,0,1
20386,20386,1503683272507,1,-1,-4,-1,0,-1,-2,0
20387,20387,1503683272515,-1,0,2,0,-2,0,0,-1
20388,20388,1503683272522,-7,0,0,-1,-2,0,-2,-2
20389,20389,1503683272537,0,1,0,-2,1,-4,-1,-2
20390,20390,1503683272544,1,-2,-3,-1,-1,0,0,-3
20391,20391,1503683272553,-3,0,0,-1,0,1,0,2
20392,20392,1503683272568,-5,0,1,2,0,-3,-2,-1
20393,20393,1503683272575,-2,-3,-2,2,0,1,-1,2
20394,20394,1503683272582,0,-1,0,-3,-1,0,0,0
20395,20395,1503683272601,-3,3,-1,-2,-1,0,-3,-4
20396,20396,1503683272605,-2,6,2,0,1,-1,0,-2
20397,20397,1503683272612,-1,-4,-2,0,-1,-2,-1,-2
20398,20398,1503683272628,2,-2,1,-2,-2,-2,-2,0
20399,20399,1503683272642,-3,-2,0,-1,0,0,0,-2
20400,20400,1503683272643,-2,0,-2,-2,-2,-2,-2,-1
20401,20401,1503683272657,4,-2,1,-2,-1,-2,1,1
20402,20402,1503683272665,1,1,-2,-1,0,0,-1,0
20403,20403,1503683272672,-1,-1,2,1,0,0,1,0
20404,20404,1503683272687,-1,-2,-2,-1,0,0,0,2
20405,20405,1503683272695,-4,0,-1,-1,-1,0,-1,0
20406,20406,1503683272702,-3,-1,2,2,1,1,-1,-1
20407,20407,1503683272717,-1,1,-2,-3,-1,0,-2,-1
20408,20408,1503683272724,-6,-1,0,1,1,1,1,1
20409,20409,1503683272733,-8,-3,-1,-2,-3,-1,-3,-2
20410,20410,1503683272747,3,1,-4,-3,-3,-2,0,0
20411,20411,1503683272755,2,3,-5,0,1,0,2,0
20412,20412,1503683272762,-2,-5,-3,-3,-2,-1,-4,-2
20413,20413,1503683272777,4,1,-3,-2,-2,0,-4,-4
20414,20414,1503683272784,1,-1,0,-2,0,1,1,3
20415,20415,1503683272793,4,-1,1,0,0,0,1,0
20416,20416,1503683272808,-3,-3,-3,-4,-3,0,-1,-2
20417,20417,1503683272815,-3,-3,-2,0,-1,-1,-1,0
20418,20418,1503683272822,0,2,1,0,-2,0,-1,-2
20419,20419,1503683272837,0,-1,-1,-3,-1,-1,0,-1
20420,20420,1503683272845,3,-5,0,-2,0,-1,-1,2
20421,20421,1503683272852,-4,-1,-3,0,-2,-1,-2,-4
20422,20422,1503683272853,-1,0,5,-1,-2,-1,-1,-1
20423,20423,1503683272867,-7,0,0,2,-1,-2,-1,-3
20424,20424,1503683272875,5,3,-1,0,0,0,1,1
20425,20425,1503683272882,-3,-2,2,1,2,-2,0,-1
20426,20426,1503683272899,-1,-2,-2,0,0,-1,-2,-3
20427,20427,1503683272906,0,0,-2,1,-1,-2,-2,-3
20428,20428,1503683272912,-4,-4,1,-3,-1,0,0,-3
20429,20429,1503683272913,2,1,-4,-2,-2,-2,0,-2
20430,20430,1503683272927,0,-1,3,2,1,-1,1,-1
20431,20431,1503683272936,-1,-6,0,0,1,-2,0,0
20432,20432,1503683272942,9,1,-4,-2,-2,0,-1,1
20433,20433,1503683272957,-1,-3,-2,0,-3,-2,1,0
20434,20434,1503683272967,3,0,-1,-1,0,-1,0,-3
20435,20435,1503683272973,-6,0,-2,-3,-2,-1,-2,0
20436,20436,1503683272987,-2,-4,-4,-4,-2,-1,0,2
20437,20437,1503683272995,-2,2,1,1,0,-1,-1,2
20438,20438,1503683273003,-4,1,-1,2,0,-2,-1,-3
20439,20439,1503683273017,2,-1,-2,0,1,0,1,1
20440,20440,1503683273024,-2,-1,3,-1,-2,0,-1,1
20441,20441,1503683273034,3,-4,-1,0,-1,-1,-4,-3
20442,20442,1503683273047,-7,-1,-5,-2,0,0,-2,-1
20443,20443,1503683273055,-2,0,0,1,0,1,-1,1
20444,20444,1503683273062,4,0,-1,-3,-1,0,-1,-1
20445,20445,1503683273078,-2,1,-2,0,-1,0,1,1
20446,20446,1503683273084,-3,-5,-1,1,0,1,-2,0
20447,20447,1503683273093,-3,-1,-4,0,-1,-1,-3,-2
20448,20448,1503683273108,3,-6,-2,-2,-1,0,1,3
20449,20449,1503683273115,-1,0,4,-1,-1,-1,-2,-3
20450,20450,1503683273122,2,1,-2,0,-2,-1,-1,-1
20451,20451,1503683273137,0,-1,1,-1,1,0,2,3
21241,21241,1503683280877,8,2,0,-1,0,0,-1,1
21242,21242,1503683280884,11,-8,-4,1,-1,-3,-2,-2
21243,21243,1503683280898,-12,-7,-7,-3,-1,-2,-1,0
21244,21244,1503683280907,2,2,-1,0,0,1,-1,2
21245,21245,1503683280913,0,0,0,-1,0,-2,-2,-1
21246,21246,1503683280929,-5,-5,-5,0,-3,-3,0,-1
21247,21247,1503683280936,1,-3,2,-1,-1,-2,2,-1
21248,21248,1503683280945,7,0,1,0,0,0,-2,0
21249,21249,1503683280958,-2,1,2,0,-1,-1,-2,0
21250,21250,1503683280966,5,3,3,-2,1,-1,0,0
21251,21251,1503683280974,-3,-2,-3,2,0,1,2,0
21252,21252,1503683280989,-4,0,1,0,-1,-1,1,-1
21253,21253,1503683280996,3,2,2,-1,3,1,0,-3
21254,21254,1503683281007,-1,0,-2,-5,-3,1,-1,-3
21255,21255,1503683281018,-5,4,1,0,-2,-3,-1,-1
21256,21256,1503683281026,-7,-2,0,-1,0,-1,-1,-1
21257,21257,1503683281033,0,-5,-2,0,-2,-1,-3,-2
21258,21258,1503683281050,-4,-2,-5,0,-1,-1,0,-2
21259,21259,1503683281063,5,1,-2,-3,-1,-2,0,5
21260,21260,1503683281065,1,3,2,2,1,1,-1,-2
21261,21261,1503683281079,1,-1,-1,-2,-2,-1,-4,-2
21262,21262,1503683281087,-4,-1,-1,-2,-1,-1,-2,-2
21263,21263,1503683281093,3,1,0,0,0,0,0,1
21264,21264,1503683281109,4,-2,-1,0,-1,-1,-1,2
21265,21265,1503683281117,1,1,1,-1,-1,-1,-1,-1
21266,21266,1503683281124,5,2,2,2,-1,2,0,0
21267,21267,1503683281141,-6,-4,-1,2,-2,-1,-3,-9
21268,21268,1503683281147,3,-2,-1,-3,-2,-1,-1,-1
21269,21269,1503683281153,5,-1,-2,-1,-1,-3,-1,0
21270,21270,1503683281154,-7,0,1,-2,-1,0,-1,0
21271,21271,1503683281169,2,-1,-4,-2,0,0,0,1
21272,21272,1503683281178,0,-6,-3,-1,0,-3,-2,-1
21273,21273,1503683281184,1,0,-1,-1,-1,-2,1,1
21274,21274,1503683281200,-3,-2,-2,0,-1,-1,-2,-3
21275,21275,1503683281208,3,0,-1,0,1,1,-3,2
21276,21276,1503683281222,1,-1,0,-2,-1,0,0,2
21277,21277,1503683281229,-3,0,1,0,-2,-2,-2,-3
21278,21278,1503683281237,4,1,-2,-2,-1,1,0,3
21279,21279,1503683281245,-3,-1,-1,-1,0,0,-2,0
21280,21280,1503683281260,-3,-2,-3,-3,-1,0,0,-4
21281,21281,1503683281266,-1,3,2,-1,1,-1,-1,0
21282,21282,1503683281267,-2,0,1,-1,-2,-2,0,-1
21283,21283,1503683281284,-3,-1,2,2,0,0,2,2
21284,21284,1503683281289,-1,-2,-2,0,-1,2,1,0
21285,21285,1503683281298,8,6,-1,-1,0,-1,-3,0
21286,21286,1503683281304,-1,1,1,0,0,-1,-1,1
21287,21287,1503683281320,-5,-9,-1,-3,-1,0,2,-3
21288,21288,1503683281326,1,-3,-2,-1,-2,0,0,-3
21289,21289,1503683281342,4,-2,0,3,0,-1,-5,-3
21290,21290,1503683281350,-4,-4,-2,0,-1,-1,-1,-3
21291,21291,1503683281357,-3,-2,2,0,0,-1,-1,1
21292,21292,1503683281364,-3,-1,-2,0,-2,-2,1,-1
21293,21293,1503683281380,1,-1,-5,-1,-1,1,2,3
21294,21294,1503683281387,-1,3,-2,-3,-1,-3,-1,0
21295,21295,1503683281402,-1,5,1,-2,-1,-2,-2,-2
21296,21296,1503683281409,3,-1,1,-1,-1,0,-2,0
21297,21297,1503683281418,1,2,3,2,-3,1,1,1
21298,21298,1503683281424,-5,-4,-4,-1,-1,-1,-2,-3
21299,21299,1503683281442,-1,-2,-2,-2,0,-1,-1,-1
21300,21300,1503683281447,2,-4,-1,0,0,0,1,3
21301,21301,1503683281462,-4,-2,-5,-3,-2,-3,-3,-3
21302,21302,1503683281469,-2,2,2,1,0,0,-2,-1
21303,21303,1503683281477,2,1,1,-2,-2,0,0,1
21304,21304,1503683281484,2,-2,-1,-1,-1,-1,0,-4
21305,21305,1503683281485,2,-2,-2,1,2,-3,-3,-5
21306,21306,1503683281500,-1,-2,-2,-3,-1,0,-1,-1
21307,21307,1503683281507,-1,-4,-2,0,-2,-1,-2,0
21308,21308,1503683281508,-2,3,0,-1,-2,-1,-1,0
21309,21309,1503683281522,-6,-1,-2,0,-1,-3,1,-4
21310,21310,1503683281529,2,10,2,-1,0,1,1,-1
21311,21311,1503683281537,-12,-2,-3,-3,-1,0,-1,-3
21312,21312,1503683281544,-4,3,-3,-2,-3,0,-1,-1
21313,21313,1503683281560,4,-1,3,3,2,1,3,0
21314,21314,1503683281566,-2,2,-2,-1,1,-1,0,-1
21315,21315,1503683281582,2,-4,-3,-2,-3,-2,-1,-1
21316,21316,1503683281590,1,-7,-1,0,-1,-3,-3,-3
21317,21317,1503683281605,-1,2,-3,-2,-1,0,1,0
21318,21318,1503683281612,-2,-4,0,-1,-1,0,-2,-2
21319,21319,1503683281627,2,-2,-1,-1,-3,-2,-4,-1
21320,21320,1503683281628,-2,4,2,0,0,0,0,1
21321,21321,1503683281644,-1,-2,-2,-1,0,-3,-1,-1
22137,22137,1503683289509,-3,-1,2,-2,0,0,0,-1
22138,22138,1503683289516,2,-4,-3,-2,0,-4,-4,-4
22139,22139,1503683289517,0,-5,-2,0,0,2,1,-3
22140,22140,1503683289531,-5,-6,2,3,1,-1,-4,-5
22141,22141,1503683289539,1,6,-4,-3,-2,-1,-2,-3
22142,22142,1503683289550,2,2,-4,-4,-2,-2,-1,3
22143,22143,1503683289561,0,-4,1,0,-1,2,-2,-1
22144,22144,1503683289569,-2,-14,-5,-1,-2,-2,-1,-4
22145,22145,1503683289576,5,-10,-1,2,2,0,0,4
22146,22146,1503683289592,-1,-3,-2,0,-2,-3,-2,0
22147,22147,1503683289599,-1,-4,-1,-2,-2,-2,-1,0
22148,22148,1503683289607,-4,12,6,1,1,-1,1,0
22149,22149,1503683289621,1,1,-2,-2,-2,0,0,2
22150,22150,1503683289629,-2,2,0,0,0,1,1,-1
22151,22151,1503683289636,1,3,-1,1,-1,-1,-1,-1
22152,22152,1503683289651,-2,0,-1,-1,-1,-3,-1,0
22153,22153,1503683289659,-3,-6,-1,0,0,0,0,-1
22154,22154,1503683289667,-2,2,0,1,3,2,0,0
22155,22155,1503683289683,-4,-5,-1,0,-2,2,0,2
22156,22156,1503683289689,1,-4,-2,-2,1,-2,0,0
22157,22157,1503683289696,1,-6,-3,-3,-1,-2,0,-1
22158,22158,1503683289711,2,4,-2,1,-1,1,-1,3
22159,22159,1503683289719,-4,1,-2,1,-1,-2,-4,-4
22160,22160,1503683289727,0,-7,-2,0,-1,1,1,2
22161,22161,1503683289741,2,-2,-1,-3,-1,-2,-3,-1
22162,22162,1503683289751,-4,-2,-1,-3,-1,-1,0,-1
22163,22163,1503683289756,-1,1,1,0,0,-2,-1,-1
22164,22164,1503683289771,0,5,2,0,-2,-1,-3,0
22165,22165,1503683289779,3,5,1,1,0,-1,1,2
22166,22166,1503683289787,-3,-3,0,0,-1,1,-1,1
22167,22167,1503683289801,0,0,3,-1,1,1,-3,-4
22168,22168,1503683289809,-4,3,4,0,0,-2,-2,-6
22169,22169,1503683289819,-1,-1,-2,-2,-1,-2,0,0
22170,22170,1503683289831,4,-5,-4,-3,0,-1,-1,-1
22171,22171,1503683289839,0,4,3,0,0,0,1,0
22172,22172,1503683289847,1,14,1,0,-2,0,0,-2
22173,22173,1503683289861,-2,1,-2,-2,-3,-1,-1,-1
22174,22174,1503683289868,-1,1,0,0,-2,-1,-1,-2
22175,22175,1503683289869,0,-6,-1,0,-3,-1,-1,3
22176,22176,1503683289877,2,1,1,4,1,-1,0,2
22177,22177,1503683289878,4,-3,0,0,-1,0,-1,1
22178,22178,1503683289891,-1,-9,-3,-1,-1,-1,-2,-2
22179,22179,1503683289899,-2,-4,-1,-2,-1,0,-1,1
22180,22180,1503683289907,-3,-4,-6,-2,-2,0,-1,-4
22181,22181,1503683289921,-1,0,-1,1,-2,-3,-1,0
22182,22182,1503683289929,-4,-14,-4,0,1,0,-1,-3
22183,22183,1503683289936,-2,0,-4,-3,-2,-3,-1,-2
22184,22184,1503683289952,0,7,3,1,1,-1,-2,-4
22185,22185,1503683289959,-1,-18,-4,-1,-1,1,-1,-1
22186,22186,1503683289967,-7,-5,-4,-1,-2,-1,-1,-6
22187,22187,1503683289981,-3,1,-2,-2,-2,-1,-2,-4
22188,22188,1503683289989,4,2,3,0,-3,0,-1,1
22189,22189,1503683290003,0,-2,-1,0,0,0,-3,-5
22190,22190,1503683290011,-4,0,-1,-2,0,-1,-2,-3
22191,22191,1503683290019,-4,4,0,1,-3,-1,1,0
22192,22192,1503683290034,4,0,2,0,0,1,3,3
22193,22193,1503683290040,2,2,-1,0,-1,-2,-1,2
22194,22194,1503683290041,3,2,3,0,2,-1,-1,2
22195,22195,1503683290049,-6,-15,-3,-4,-3,-3,-3,0
22196,22196,1503683290063,2,14,1,-2,0,0,-3,-1
22197,22197,1503683290071,6,-3,-1,-1,0,-1,1,3
22198,22198,1503683290079,0,-4,-5,-2,-1,0,-1,3
22199,22199,1503683290095,3,10,0,1,0,0,-2,-3
22200,22200,1503683290101,-2,-1,-1,-1,-1,-1,1,1
22201,22201,1503683290109,-3,1,-1,-2,-1,0,0,0
22202,22202,1503683290124,-3,-1,-3,-2,0,-2,1,1
22203,22203,1503683290132,-2,0,-1,0,1,0,0,3
22204,22204,1503683290139,2,-5,-2,1,0,2,0,3
22205,22205,1503683290155,1,7,5,0,-3,0,-2,-4
22206,22206,1503683290161,-5,-1,-1,-1,-1,-1,0,-5
22207,22207,1503683290169,-4,9,2,-1,-1,-4,-3,-5
22208,22208,1503683290186,-1,-1,-1,-1,-1,-1,-1,-3
22209,22209,1503683290192,0,2,-2,-2,-3,-1,-1,-2
22210,22210,1503683290199,-3,-5,0,1,-2,0,-1,-4
22211,22211,1503683290214,-1,-6,-3,-2,2,0,1,2
22212,22212,1503683290221,4,4,1,-1,2,1,0,3
22213,22213,1503683290229,-1,-8,1,1,0,-1,1,1
22214,22214,1503683290243,-4,2,0,-1,-1,-1,-2,-4
22215,22215,1503683290253,1,8,0,-1,-1,-2,-2,1
22216,22216,1503683290259,1,-2,-4,-2,-3,-3,-1,-1
22217,22217,1503683290274,-1,-7,-6,-1,1,-1,0,2
22218,22218,1503683290282,0,3,-1,0,-2,-1,-2,-1
